,trackID,start_date,end_date,duration
0,200001060002.0,2000-01-06 00:00:00,2000-01-06 18:00:00,18.0
1,200001050010.0,2000-01-08 00:00:00,2000-01-08 06:00:00,6.0
2,200001190611.0,2000-01-19 06:00:00,2000-01-19 12:00:00,6.0
3,200001240602.0,2000-01-27 06:00:00,2000-01-31 00:00:00,90.0
4,200001281203.0,2000-01-28 18:00:00,2000-01-29 00:00:00,6.0
5,200001300602.0,2000-01-30 06:00:00,2000-01-30 12:00:00,6.0
6,200001310003.0,2000-01-31 00:00:00,2000-01-31 06:00:00,6.0
7,200001311202.0,2000-01-31 12:00:00,2000-01-31 18:00:00,6.0
8,200002051204.0,2000-02-05 12:00:00,2000-02-06 00:00:00,12.0
9,200002051212.0,2000-02-07 06:00:00,2000-02-07 18:00:00,12.0
10,200002150010.0,2000-02-19 00:00:00,2000-02-20 06:00:00,30.0
11,200002200611.0,2000-02-22 12:00:00,2000-02-23 06:00:00,18.0
12,200003010007.0,2000-03-01 12:00:00,2000-03-02 06:00:00,18.0
13,200003021802.0,2000-03-02 18:00:00,2000-03-03 00:00:00,6.0
14,200002260602.0,2000-03-03 00:00:00,2000-03-03 12:00:00,12.0
15,200003110011.0,2000-03-14 00:00:00,2000-03-14 06:00:00,6.0
16,200003110010.0,2000-03-15 12:00:00,2000-03-16 06:00:00,18.0
17,200003181203.0,2000-03-18 12:00:00,2000-03-18 18:00:00,6.0
18,200003140613.0,2000-03-20 06:00:00,2000-03-20 18:00:00,12.0
19,200003240011.0,2000-03-24 00:00:00,2000-03-24 06:00:00,6.0
20,200003210010.0,2000-03-26 00:00:00,2000-03-27 12:00:00,36.0
21,200003221813.0,2000-03-29 12:00:00,2000-04-01 06:00:00,66.0
22,200004011809.0,2000-04-02 12:00:00,2000-04-02 18:00:00,6.0
23,200004130608.0,2000-04-20 06:00:00,2000-04-21 18:00:00,36.0
24,200004250610.0,2000-04-27 12:00:00,2000-04-28 18:00:00,30.0
25,200004231811.0,2000-04-29 18:00:00,2000-05-01 06:00:00,36.0
26,200005011211.0,2000-05-02 18:00:00,2000-05-03 12:00:00,18.0
27,200005111808.0,2000-05-21 12:00:00,2000-05-22 12:00:00,24.0
28,200006150008.0,2000-06-16 06:00:00,2000-06-16 18:00:00,12.0
29,200006170003.0,2000-06-17 00:00:00,2000-06-17 06:00:00,6.0
30,200007030007.0,2000-07-06 00:00:00,2000-07-06 06:00:00,6.0
31,200007060604.0,2000-07-06 06:00:00,2000-07-06 12:00:00,6.0
32,200007150606.0,2000-07-17 00:00:00,2000-07-17 06:00:00,6.0
33,200007191204.0,2000-07-19 12:00:00,2000-07-19 18:00:00,6.0
34,200007200010.0,2000-07-20 00:00:00,2000-07-20 06:00:00,6.0
35,200007241204.0,2000-07-24 12:00:00,2000-07-25 06:00:00,18.0
36,200007261804.0,2000-07-27 00:00:00,2000-07-29 12:00:00,60.0
37,200007300603.0,2000-07-30 12:00:00,2000-08-01 00:00:00,36.0
38,200008030002.0,2000-08-03 00:00:00,2000-08-05 06:00:00,54.0
39,200008051210.0,2000-08-07 00:00:00,2000-08-07 06:00:00,6.0
40,200008110612.0,2000-08-12 12:00:00,2000-08-13 18:00:00,30.0
41,200008140002.0,2000-08-14 00:00:00,2000-08-15 00:00:00,24.0
42,200008151811.0,2000-08-15 18:00:00,2000-08-16 06:00:00,12.0
43,200008170004.0,2000-08-17 00:00:00,2000-08-17 18:00:00,18.0
44,200008201203.0,2000-08-20 12:00:00,2000-08-22 18:00:00,54.0
45,200008221814.0,2000-08-22 18:00:00,2000-08-23 00:00:00,6.0
46,200008241809.0,2000-08-27 12:00:00,2000-08-27 18:00:00,6.0
47,200008270610.0,2000-08-27 18:00:00,2000-08-28 18:00:00,24.0
48,200009030012.0,2000-09-03 18:00:00,2000-09-05 18:00:00,48.0
49,200009060604.0,2000-09-06 06:00:00,2000-09-07 12:00:00,30.0
50,200009070615.0,2000-09-09 00:00:00,2000-09-11 18:00:00,66.0
51,200009120013.0,2000-09-13 18:00:00,2000-09-14 06:00:00,12.0
52,200009141812.0,2000-09-14 18:00:00,2000-09-15 06:00:00,12.0
53,200009141208.0,2000-09-16 00:00:00,2000-09-23 06:00:00,174.0
54,200009231802.0,2000-09-23 18:00:00,2000-09-24 18:00:00,24.0
55,200009271214.0,2000-09-27 12:00:00,2000-09-27 18:00:00,6.0
56,200009271212.0,2000-09-28 18:00:00,2000-09-29 18:00:00,24.0
57,200010040610.0,2000-10-05 06:00:00,2000-10-07 00:00:00,42.0
58,200010060610.0,2000-10-07 00:00:00,2000-10-08 12:00:00,36.0
59,200010071810.0,2000-10-11 00:00:00,2000-10-12 18:00:00,42.0
60,200010130009.0,2000-10-13 00:00:00,2000-10-13 18:00:00,18.0
61,200010131802.0,2000-10-14 12:00:00,2000-10-15 18:00:00,30.0
62,200010180012.0,2000-10-20 00:00:00,2000-10-20 06:00:00,6.0
63,200010161810.0,2000-10-22 00:00:00,2000-10-23 00:00:00,24.0
64,200010281810.0,2000-10-30 12:00:00,2000-10-31 06:00:00,18.0
65,200010290608.0,2000-11-03 00:00:00,2000-11-04 00:00:00,24.0
66,200011080603.0,2000-11-10 18:00:00,2000-11-11 18:00:00,24.0
67,200011120010.0,2000-11-12 00:00:00,2000-11-12 06:00:00,6.0
68,200011191211.0,2000-11-19 12:00:00,2000-11-19 18:00:00,6.0
69,200011201202.0,2000-11-20 12:00:00,2000-11-21 06:00:00,18.0
70,200011161809.0,2000-11-21 12:00:00,2000-11-24 00:00:00,60.0
71,200011190011.0,2000-11-24 12:00:00,2000-11-25 06:00:00,18.0
72,200011300012.0,2000-12-01 00:00:00,2000-12-02 12:00:00,36.0
73,200012010013.0,2000-12-05 00:00:00,2000-12-06 00:00:00,24.0
74,200012101204.0,2000-12-16 06:00:00,2000-12-16 18:00:00,12.0
75,200012130012.0,2000-12-18 00:00:00,2000-12-18 18:00:00,18.0
76,200012241203.0,2000-12-24 12:00:00,2000-12-24 18:00:00,6.0
77,200012200001.0,2000-12-24 18:00:00,2000-12-26 00:00:00,30.0
78,200012270009.0,2000-12-28 18:00:00,2000-12-29 00:00:00,6.0
79,200012271810.0,2000-12-29 12:00:00,2000-12-29 18:00:00,6.0
80,200012291809.0,2000-12-30 12:00:00,2000-12-30 18:00:00,6.0
81,200012300605.0,2001-01-02 06:00:00,2001-01-05 18:00:00,84.0
82,200101030007.0,2001-01-06 12:00:00,2001-01-08 18:00:00,54.0
83,200101101210.0,2001-01-12 12:00:00,2001-01-13 00:00:00,12.0
84,200101081801.0,2001-01-14 06:00:00,2001-01-16 12:00:00,54.0
85,200101170602.0,2001-01-17 06:00:00,2001-01-19 06:00:00,48.0
86,200101171802.0,2001-01-17 18:00:00,2001-01-18 00:00:00,6.0
87,200101161811.0,2001-01-20 12:00:00,2001-01-20 18:00:00,6.0
88,200101201802.0,2001-01-20 18:00:00,2001-01-21 06:00:00,12.0
89,200101221808.0,2001-01-23 12:00:00,2001-01-24 00:00:00,12.0
90,200101231812.0,2001-01-27 00:00:00,2001-01-27 18:00:00,18.0
91,200101280001.0,2001-01-28 00:00:00,2001-01-28 06:00:00,6.0
92,200101231214.0,2001-01-31 06:00:00,2001-02-01 00:00:00,18.0
93,200102010603.0,2001-02-01 06:00:00,2001-02-01 12:00:00,6.0
94,200102011803.0,2001-02-02 00:00:00,2001-02-02 12:00:00,12.0
95,200102110003.0,2001-02-11 12:00:00,2001-02-13 18:00:00,54.0
96,200102220612.0,2001-02-26 00:00:00,2001-02-28 12:00:00,60.0
97,200103011211.0,2001-03-01 12:00:00,2001-03-02 00:00:00,12.0
98,200103030603.0,2001-03-09 06:00:00,2001-03-09 12:00:00,6.0
99,200103070611.0,2001-03-09 18:00:00,2001-03-12 00:00:00,54.0
100,200103150604.0,2001-03-15 06:00:00,2001-03-15 12:00:00,6.0
101,200103230611.0,2001-03-24 18:00:00,2001-03-26 12:00:00,42.0
102,200103221814.0,2001-03-27 18:00:00,2001-03-28 06:00:00,12.0
103,200103310002.0,2001-03-31 00:00:00,2001-03-31 06:00:00,6.0
104,200104030603.0,2001-04-03 18:00:00,2001-04-04 18:00:00,24.0
105,200104110002.0,2001-04-11 06:00:00,2001-04-12 00:00:00,18.0
106,200104231209.0,2001-04-23 18:00:00,2001-04-24 18:00:00,24.0
107,200104250610.0,2001-04-29 06:00:00,2001-04-29 18:00:00,12.0
108,200105011807.0,2001-05-02 12:00:00,2001-05-04 00:00:00,36.0
109,200105021208.0,2001-05-06 18:00:00,2001-05-07 12:00:00,18.0
110,200105080006.0,2001-05-14 00:00:00,2001-05-14 18:00:00,18.0
111,200105170613.0,2001-05-19 00:00:00,2001-05-21 18:00:00,66.0
112,200105271211.0,2001-05-27 12:00:00,2001-05-28 12:00:00,24.0
113,200105241211.0,2001-05-30 12:00:00,2001-06-01 06:00:00,42.0
114,200106170002.0,2001-06-19 06:00:00,2001-06-21 06:00:00,48.0
115,200106240009.0,2001-06-27 18:00:00,2001-06-28 06:00:00,12.0
116,200107040612.0,2001-07-05 06:00:00,2001-07-05 12:00:00,6.0
117,200107010609.0,2001-07-06 00:00:00,2001-07-07 06:00:00,30.0
118,200107171810.0,2001-07-20 18:00:00,2001-07-22 06:00:00,36.0
119,200107291812.0,2001-08-01 18:00:00,2001-08-02 06:00:00,12.0
120,200108060001.0,2001-08-06 00:00:00,2001-08-06 06:00:00,6.0
121,200108061803.0,2001-08-07 12:00:00,2001-08-08 06:00:00,18.0
122,200108190014.0,2001-08-20 12:00:00,2001-08-20 18:00:00,6.0
123,200108201216.0,2001-08-20 18:00:00,2001-08-21 00:00:00,6.0
124,200108210604.0,2001-08-21 06:00:00,2001-08-23 06:00:00,48.0
125,200108241213.0,2001-08-25 06:00:00,2001-08-31 12:00:00,150.0
126,200109010602.0,2001-09-01 06:00:00,2001-09-01 18:00:00,12.0
127,200109020013.0,2001-09-02 06:00:00,2001-09-02 12:00:00,6.0
128,200109020012.0,2001-09-03 00:00:00,2001-09-04 06:00:00,30.0
129,200109011210.0,2001-09-05 06:00:00,2001-09-05 18:00:00,12.0
130,200109060002.0,2001-09-06 00:00:00,2001-09-06 06:00:00,6.0
131,200109071204.0,2001-09-07 12:00:00,2001-09-08 00:00:00,12.0
132,200109120012.0,2001-09-12 18:00:00,2001-09-14 12:00:00,42.0
133,200109201809.0,2001-09-21 18:00:00,2001-09-25 18:00:00,96.0
134,200109240001.0,2001-09-24 00:00:00,2001-09-24 18:00:00,18.0
135,200109290604.0,2001-09-29 06:00:00,2001-09-29 12:00:00,6.0
136,200109301801.0,2001-10-04 00:00:00,2001-10-05 18:00:00,42.0
137,200110041209.0,2001-10-07 12:00:00,2001-10-07 18:00:00,6.0
138,200110070011.0,2001-10-09 12:00:00,2001-10-09 18:00:00,6.0
139,200110090612.0,2001-10-12 00:00:00,2001-10-12 12:00:00,12.0
140,200110160002.0,2001-10-16 00:00:00,2001-10-16 06:00:00,6.0
141,200110121211.0,2001-10-17 18:00:00,2001-10-18 06:00:00,12.0
142,200110260003.0,2001-10-26 12:00:00,2001-10-26 18:00:00,6.0
143,200111020608.0,2001-11-03 06:00:00,2001-11-04 00:00:00,18.0
144,200111091807.0,2001-11-13 12:00:00,2001-11-14 12:00:00,24.0
145,200111160009.0,2001-11-17 18:00:00,2001-11-21 06:00:00,84.0
146,200111191203.0,2001-11-19 12:00:00,2001-11-19 18:00:00,6.0
147,200111201209.0,2001-11-20 12:00:00,2001-11-20 18:00:00,6.0
148,200112070008.0,2001-12-07 12:00:00,2001-12-08 18:00:00,30.0
149,200112180008.0,2001-12-20 18:00:00,2001-12-21 06:00:00,12.0
150,200112211809.0,2001-12-23 12:00:00,2001-12-25 12:00:00,48.0
151,200112210603.0,2001-12-25 12:00:00,2001-12-27 18:00:00,54.0
152,200112271810.0,2001-12-27 18:00:00,2001-12-29 18:00:00,48.0
153,200201010006.0,2002-01-01 00:00:00,2002-01-01 06:00:00,6.0
154,200112310013.0,2002-01-01 12:00:00,2002-01-02 06:00:00,18.0
155,200201011211.0,2002-01-05 06:00:00,2002-01-07 18:00:00,60.0
156,200201051204.0,2002-01-05 12:00:00,2002-01-05 18:00:00,6.0
157,200201061209.0,2002-01-09 00:00:00,2002-01-12 12:00:00,84.0
158,200201111813.0,2002-01-14 18:00:00,2002-01-15 00:00:00,6.0
159,200201141812.0,2002-01-17 12:00:00,2002-01-17 18:00:00,6.0
160,200202021204.0,2002-02-02 12:00:00,2002-02-03 12:00:00,24.0
161,200202030010.0,2002-02-04 00:00:00,2002-02-04 18:00:00,18.0
162,200202041214.0,2002-02-09 12:00:00,2002-02-10 12:00:00,24.0
163,200202120005.0,2002-02-12 00:00:00,2002-02-12 06:00:00,6.0
164,200202121209.0,2002-02-12 12:00:00,2002-02-12 18:00:00,6.0
165,200202101210.0,2002-02-13 18:00:00,2002-02-14 06:00:00,12.0
166,200202141201.0,2002-02-14 12:00:00,2002-02-15 06:00:00,18.0
167,200203020602.0,2002-03-02 06:00:00,2002-03-03 00:00:00,18.0
168,200203071207.0,2002-03-11 06:00:00,2002-03-11 12:00:00,6.0
169,200204161209.0,2002-04-18 06:00:00,2002-04-19 06:00:00,24.0
170,200204191209.0,2002-04-19 12:00:00,2002-04-19 18:00:00,6.0
171,200204131811.0,2002-04-20 00:00:00,2002-04-20 18:00:00,18.0
172,200204191205.0,2002-04-26 18:00:00,2002-04-27 12:00:00,18.0
173,200204251809.0,2002-04-28 00:00:00,2002-04-29 18:00:00,42.0
174,200205160002.0,2002-05-16 00:00:00,2002-05-17 06:00:00,30.0
175,200205200005.0,2002-05-20 18:00:00,2002-05-22 00:00:00,30.0
176,200205271201.0,2002-05-27 18:00:00,2002-05-30 00:00:00,54.0
177,200205291808.0,2002-06-03 18:00:00,2002-06-04 06:00:00,12.0
178,200206030614.0,2002-06-09 00:00:00,2002-06-10 00:00:00,24.0
179,200206240002.0,2002-06-24 00:00:00,2002-06-24 06:00:00,6.0
180,200206211212.0,2002-06-24 06:00:00,2002-06-29 12:00:00,126.0
181,200206260601.0,2002-06-26 06:00:00,2002-06-26 12:00:00,6.0
182,200207131810.0,2002-07-13 18:00:00,2002-07-14 00:00:00,6.0
183,200207171204.0,2002-07-17 12:00:00,2002-07-18 00:00:00,12.0
184,200207211207.0,2002-07-21 12:00:00,2002-07-23 06:00:00,42.0
185,200207240603.0,2002-07-24 06:00:00,2002-07-24 18:00:00,12.0
186,200208051211.0,2002-08-07 00:00:00,2002-08-09 06:00:00,54.0
187,200208091814.0,2002-08-09 18:00:00,2002-08-10 06:00:00,12.0
188,200208081812.0,2002-08-11 00:00:00,2002-08-13 18:00:00,66.0
189,200208130614.0,2002-08-14 06:00:00,2002-08-14 12:00:00,6.0
190,200208171212.0,2002-08-20 00:00:00,2002-08-24 06:00:00,102.0
191,200208251202.0,2002-08-25 12:00:00,2002-08-29 00:00:00,84.0
192,200208260612.0,2002-08-26 06:00:00,2002-08-26 18:00:00,12.0
193,200208270616.0,2002-08-27 06:00:00,2002-08-27 12:00:00,6.0
194,200208291806.0,2002-08-30 18:00:00,2002-09-01 00:00:00,30.0
195,200209090612.0,2002-09-09 12:00:00,2002-09-10 06:00:00,18.0
196,200209131210.0,2002-09-13 12:00:00,2002-09-13 18:00:00,6.0
197,200209101807.0,2002-09-14 18:00:00,2002-09-19 00:00:00,102.0
198,200209180615.0,2002-09-19 00:00:00,2002-09-19 06:00:00,6.0
199,200209190605.0,2002-09-19 06:00:00,2002-09-19 12:00:00,6.0
200,200209181810.0,2002-09-21 06:00:00,2002-09-22 12:00:00,30.0
201,200209250004.0,2002-09-25 00:00:00,2002-09-25 06:00:00,6.0
202,200209241212.0,2002-09-25 06:00:00,2002-09-26 12:00:00,30.0
203,200209270002.0,2002-09-27 00:00:00,2002-09-27 06:00:00,6.0
204,200209270604.0,2002-09-27 06:00:00,2002-09-28 06:00:00,24.0
205,200209300007.0,2002-10-01 06:00:00,2002-10-02 12:00:00,30.0
206,200210041809.0,2002-10-04 18:00:00,2002-10-06 18:00:00,48.0
207,200210081808.0,2002-10-12 00:00:00,2002-10-13 00:00:00,24.0
208,200210140010.0,2002-10-15 18:00:00,2002-10-17 12:00:00,42.0
209,200210181212.0,2002-10-19 00:00:00,2002-10-22 06:00:00,78.0
210,200210210011.0,2002-10-24 00:00:00,2002-10-24 18:00:00,18.0
211,200210210010.0,2002-10-25 18:00:00,2002-10-27 00:00:00,30.0
212,200210260601.0,2002-10-26 06:00:00,2002-10-26 12:00:00,6.0
213,200210271809.0,2002-10-29 00:00:00,2002-10-31 00:00:00,48.0
214,200211041803.0,2002-11-04 18:00:00,2002-11-08 06:00:00,84.0
215,200211110001.0,2002-11-12 06:00:00,2002-11-12 18:00:00,12.0
216,200211111803.0,2002-11-19 12:00:00,2002-11-20 00:00:00,12.0
217,200211211808.0,2002-11-22 18:00:00,2002-11-24 12:00:00,42.0
218,200211210607.0,2002-11-25 12:00:00,2002-11-27 18:00:00,54.0
219,200211290603.0,2002-11-29 06:00:00,2002-11-30 18:00:00,36.0
220,200212071807.0,2002-12-08 06:00:00,2002-12-09 12:00:00,30.0
221,200212091802.0,2002-12-09 18:00:00,2002-12-10 00:00:00,6.0
222,200212090610.0,2002-12-11 12:00:00,2002-12-15 00:00:00,84.0
223,200212170607.0,2002-12-22 18:00:00,2002-12-24 12:00:00,42.0
224,200212270607.0,2002-12-30 06:00:00,2002-12-30 12:00:00,6.0
225,200212291208.0,2003-01-01 18:00:00,2003-01-02 00:00:00,6.0
226,200212301208.0,2003-01-03 12:00:00,2003-01-05 00:00:00,36.0
227,200301050611.0,2003-01-05 06:00:00,2003-01-05 12:00:00,6.0
228,200301031209.0,2003-01-05 12:00:00,2003-01-07 00:00:00,36.0
229,200301021803.0,2003-01-12 00:00:00,2003-01-12 06:00:00,6.0
230,200301110607.0,2003-01-15 12:00:00,2003-01-18 18:00:00,78.0
231,200301221213.0,2003-01-24 06:00:00,2003-01-27 00:00:00,66.0
232,200301280004.0,2003-01-28 12:00:00,2003-01-29 00:00:00,12.0
233,200301241813.0,2003-01-29 06:00:00,2003-01-29 18:00:00,12.0
234,200302011204.0,2003-02-03 18:00:00,2003-02-06 00:00:00,54.0
235,200302030609.0,2003-02-08 00:00:00,2003-02-08 18:00:00,18.0
236,200302070011.0,2003-02-10 06:00:00,2003-02-10 18:00:00,12.0
237,200302240004.0,2003-02-24 06:00:00,2003-02-24 12:00:00,6.0
238,200303010004.0,2003-03-01 00:00:00,2003-03-01 06:00:00,6.0
239,200302271812.0,2003-03-02 18:00:00,2003-03-03 12:00:00,18.0
240,200303081809.0,2003-03-13 00:00:00,2003-03-16 00:00:00,72.0
241,200303160006.0,2003-03-16 00:00:00,2003-03-16 06:00:00,6.0
242,200303180002.0,2003-03-18 00:00:00,2003-03-18 06:00:00,6.0
243,200303190009.0,2003-03-20 00:00:00,2003-03-20 06:00:00,6.0
244,200303250007.0,2003-03-29 00:00:00,2003-03-30 12:00:00,36.0
245,200304041811.0,2003-04-06 18:00:00,2003-04-07 12:00:00,18.0
246,200304100612.0,2003-04-10 06:00:00,2003-04-11 06:00:00,24.0
247,200304181801.0,2003-04-18 18:00:00,2003-04-19 00:00:00,6.0
248,200304180609.0,2003-04-22 06:00:00,2003-04-25 00:00:00,66.0
249,200305090003.0,2003-05-10 06:00:00,2003-05-10 18:00:00,12.0
250,200305110609.0,2003-05-11 06:00:00,2003-05-12 00:00:00,18.0
251,200305191210.0,2003-05-21 12:00:00,2003-05-21 18:00:00,6.0
252,200305171813.0,2003-05-21 18:00:00,2003-05-25 06:00:00,84.0
253,200305281809.0,2003-05-28 18:00:00,2003-05-29 00:00:00,6.0
254,200305291212.0,2003-05-29 18:00:00,2003-05-30 06:00:00,12.0
255,200305300613.0,2003-05-31 06:00:00,2003-05-31 12:00:00,6.0
256,200306020011.0,2003-06-04 12:00:00,2003-06-06 06:00:00,42.0
257,200306120003.0,2003-06-12 06:00:00,2003-06-13 00:00:00,18.0
258,200306130603.0,2003-06-13 06:00:00,2003-06-13 12:00:00,6.0
259,200306140003.0,2003-06-14 00:00:00,2003-06-14 06:00:00,6.0
260,200306141803.0,2003-06-16 18:00:00,2003-06-18 18:00:00,48.0
261,200306241215.0,2003-06-24 18:00:00,2003-06-26 18:00:00,48.0
262,200306280605.0,2003-06-28 06:00:00,2003-06-28 12:00:00,6.0
263,200306301812.0,2003-06-30 18:00:00,2003-07-01 00:00:00,6.0
264,200307010611.0,2003-07-01 06:00:00,2003-07-01 12:00:00,6.0
265,200306210603.0,2003-07-03 00:00:00,2003-07-03 06:00:00,6.0
266,200307181208.0,2003-07-19 18:00:00,2003-07-20 18:00:00,24.0
267,200307250604.0,2003-07-27 06:00:00,2003-07-27 12:00:00,6.0
268,200307271202.0,2003-07-27 12:00:00,2003-07-29 06:00:00,42.0
269,200307291804.0,2003-07-30 00:00:00,2003-07-30 06:00:00,6.0
270,200308080609.0,2003-08-12 06:00:00,2003-08-12 12:00:00,6.0
271,200308111213.0,2003-08-12 12:00:00,2003-08-18 12:00:00,144.0
272,200308180614.0,2003-08-20 06:00:00,2003-08-20 12:00:00,6.0
273,200308281201.0,2003-08-28 12:00:00,2003-08-31 12:00:00,72.0
274,200308301809.0,2003-09-01 12:00:00,2003-09-02 18:00:00,30.0
275,200309030608.0,2003-09-03 06:00:00,2003-09-03 18:00:00,12.0
276,200309031207.0,2003-09-05 12:00:00,2003-09-07 06:00:00,42.0
277,200309051811.0,2003-09-09 00:00:00,2003-09-10 12:00:00,36.0
278,200309101205.0,2003-09-10 12:00:00,2003-09-11 00:00:00,12.0
279,200309110611.0,2003-09-13 06:00:00,2003-09-14 06:00:00,24.0
280,200309140013.0,2003-09-18 00:00:00,2003-09-18 18:00:00,18.0
281,200309201208.0,2003-09-21 12:00:00,2003-09-24 06:00:00,66.0
282,200309211803.0,2003-09-21 18:00:00,2003-09-22 00:00:00,6.0
283,200309220609.0,2003-09-24 12:00:00,2003-09-27 00:00:00,60.0
284,200309271202.0,2003-09-27 12:00:00,2003-09-28 06:00:00,18.0
285,200309281202.0,2003-09-28 12:00:00,2003-09-28 18:00:00,6.0
286,200309290004.0,2003-09-29 06:00:00,2003-09-29 12:00:00,6.0
287,200309291813.0,2003-09-29 18:00:00,2003-09-30 00:00:00,6.0
288,200309291812.0,2003-09-30 00:00:00,2003-10-02 18:00:00,66.0
289,200310031805.0,2003-10-03 18:00:00,2003-10-04 00:00:00,6.0
290,200310040605.0,2003-10-04 06:00:00,2003-10-05 00:00:00,18.0
291,200310030611.0,2003-10-05 12:00:00,2003-10-06 18:00:00,30.0
292,200310120009.0,2003-10-16 00:00:00,2003-10-18 06:00:00,54.0
293,200310220605.0,2003-10-22 18:00:00,2003-10-23 06:00:00,12.0
294,200310201209.0,2003-10-24 12:00:00,2003-10-27 06:00:00,66.0
295,200311051801.0,2003-11-09 00:00:00,2003-11-14 06:00:00,126.0
296,200311211805.0,2003-11-22 00:00:00,2003-11-22 06:00:00,6.0
297,200311251214.0,2003-11-27 12:00:00,2003-11-27 18:00:00,6.0
298,200312011211.0,2003-12-01 18:00:00,2003-12-03 00:00:00,30.0
299,200312020601.0,2003-12-02 06:00:00,2003-12-02 12:00:00,6.0
300,200312031813.0,2003-12-04 06:00:00,2003-12-05 06:00:00,24.0
301,200312101809.0,2003-12-15 06:00:00,2003-12-16 18:00:00,36.0
302,200312161812.0,2003-12-18 12:00:00,2003-12-20 06:00:00,42.0
303,200312211209.0,2003-12-21 12:00:00,2003-12-24 00:00:00,60.0
304,200312231811.0,2003-12-24 12:00:00,2003-12-24 18:00:00,6.0
305,200312260013.0,2003-12-29 18:00:00,2003-12-30 00:00:00,6.0
306,200401071209.0,2004-01-09 06:00:00,2004-01-10 06:00:00,24.0
307,200401091211.0,2004-01-12 06:00:00,2004-01-15 06:00:00,72.0
308,200401121204.0,2004-01-12 12:00:00,2004-01-13 00:00:00,12.0
309,200401171813.0,2004-01-17 18:00:00,2004-01-18 12:00:00,18.0
310,200401200001.0,2004-01-20 00:00:00,2004-01-20 12:00:00,12.0
311,200401210013.0,2004-01-21 06:00:00,2004-01-21 18:00:00,12.0
312,200401160610.0,2004-01-21 18:00:00,2004-01-22 18:00:00,24.0
313,200401300612.0,2004-02-04 18:00:00,2004-02-06 06:00:00,36.0
314,200402041210.0,2004-02-07 18:00:00,2004-02-11 18:00:00,96.0
315,200402110015.0,2004-02-11 18:00:00,2004-02-14 06:00:00,60.0
316,200402140011.0,2004-02-16 06:00:00,2004-02-17 06:00:00,24.0
317,200402200606.0,2004-02-20 06:00:00,2004-02-20 12:00:00,6.0
318,200402261805.0,2004-03-03 00:00:00,2004-03-03 06:00:00,6.0
319,200403010608.0,2004-03-07 00:00:00,2004-03-09 12:00:00,60.0
320,200403070013.0,2004-03-10 06:00:00,2004-03-11 06:00:00,24.0
321,200403091812.0,2004-03-15 00:00:00,2004-03-15 18:00:00,18.0
322,200403261810.0,2004-03-28 06:00:00,2004-03-30 00:00:00,42.0
323,200403270009.0,2004-03-30 00:00:00,2004-03-30 06:00:00,6.0
324,200403300610.0,2004-03-30 06:00:00,2004-03-30 18:00:00,12.0
325,200403251813.0,2004-04-02 00:00:00,2004-04-03 18:00:00,42.0
326,200404031810.0,2004-04-06 12:00:00,2004-04-09 12:00:00,72.0
327,200404061802.0,2004-04-06 18:00:00,2004-04-07 18:00:00,24.0
328,200404090609.0,2004-04-10 12:00:00,2004-04-11 12:00:00,24.0
329,200404211213.0,2004-04-22 12:00:00,2004-04-23 12:00:00,24.0
330,200404240009.0,2004-04-24 12:00:00,2004-04-27 00:00:00,60.0
331,200404221808.0,2004-04-28 00:00:00,2004-04-28 12:00:00,12.0
332,200404261213.0,2004-04-29 06:00:00,2004-05-01 18:00:00,60.0
333,200405020001.0,2004-05-02 00:00:00,2004-05-02 12:00:00,12.0
334,200405011210.0,2004-05-02 18:00:00,2004-05-03 06:00:00,12.0
335,200405030609.0,2004-05-07 00:00:00,2004-05-07 18:00:00,18.0
336,200405090010.0,2004-05-10 06:00:00,2004-05-10 18:00:00,12.0
337,200405181214.0,2004-05-18 12:00:00,2004-05-18 18:00:00,6.0
338,200405181813.0,2004-05-24 00:00:00,2004-05-25 06:00:00,30.0
339,200406021807.0,2004-06-04 12:00:00,2004-06-06 00:00:00,36.0
340,200406060004.0,2004-06-06 06:00:00,2004-06-06 12:00:00,6.0
341,200406061212.0,2004-06-11 18:00:00,2004-06-13 06:00:00,36.0
342,200406141812.0,2004-06-16 18:00:00,2004-06-17 00:00:00,6.0
343,200406231214.0,2004-07-02 00:00:00,2004-07-06 06:00:00,102.0
344,200407060605.0,2004-07-06 06:00:00,2004-07-06 12:00:00,6.0
345,200407210013.0,2004-07-22 00:00:00,2004-07-23 06:00:00,30.0
346,200407260002.0,2004-07-26 00:00:00,2004-07-30 00:00:00,96.0
347,200408030013.0,2004-08-03 00:00:00,2004-08-03 06:00:00,6.0
348,200408071810.0,2004-08-08 12:00:00,2004-08-09 06:00:00,18.0
349,200408161815.0,2004-08-17 00:00:00,2004-08-17 06:00:00,6.0
350,200408291808.0,2004-09-02 18:00:00,2004-09-03 18:00:00,24.0
351,200409071808.0,2004-09-11 06:00:00,2004-09-12 18:00:00,36.0
352,200409130005.0,2004-09-13 00:00:00,2004-09-13 06:00:00,6.0
353,200409191202.0,2004-09-20 06:00:00,2004-09-22 06:00:00,48.0
354,200409141813.0,2004-09-22 18:00:00,2004-09-24 18:00:00,48.0
355,200409251208.0,2004-09-26 00:00:00,2004-09-28 06:00:00,54.0
356,200409271209.0,2004-09-29 00:00:00,2004-09-30 18:00:00,42.0
357,200410010003.0,2004-10-01 00:00:00,2004-10-03 00:00:00,48.0
358,200410030611.0,2004-10-03 06:00:00,2004-10-03 18:00:00,12.0
359,200410040603.0,2004-10-04 06:00:00,2004-10-04 12:00:00,6.0
360,200410040611.0,2004-10-04 12:00:00,2004-10-06 06:00:00,42.0
361,200410070012.0,2004-10-07 00:00:00,2004-10-07 06:00:00,6.0
362,200410081202.0,2004-10-08 12:00:00,2004-10-08 18:00:00,6.0
363,200410080014.0,2004-10-10 18:00:00,2004-10-14 06:00:00,84.0
364,200410161801.0,2004-10-19 18:00:00,2004-10-20 00:00:00,6.0
365,200410251811.0,2004-10-29 00:00:00,2004-10-29 18:00:00,18.0
366,200411010014.0,2004-11-01 00:00:00,2004-11-01 06:00:00,6.0
367,200411010011.0,2004-11-03 12:00:00,2004-11-04 00:00:00,12.0
368,200411031810.0,2004-11-04 00:00:00,2004-11-08 12:00:00,108.0
369,200411101204.0,2004-11-10 18:00:00,2004-11-11 00:00:00,6.0
370,200411121211.0,2004-11-12 18:00:00,2004-11-13 06:00:00,12.0
371,200411121210.0,2004-11-13 12:00:00,2004-11-14 18:00:00,30.0
372,200411191202.0,2004-11-20 00:00:00,2004-11-21 18:00:00,42.0
373,200411251209.0,2004-11-28 00:00:00,2004-11-29 06:00:00,30.0
374,200411280010.0,2004-12-02 00:00:00,2004-12-03 06:00:00,30.0
375,200412090608.0,2004-12-12 00:00:00,2004-12-12 12:00:00,12.0
376,200412121810.0,2004-12-12 18:00:00,2004-12-13 00:00:00,6.0
377,200412131801.0,2004-12-13 18:00:00,2004-12-14 06:00:00,12.0
378,200412150610.0,2004-12-15 18:00:00,2004-12-19 12:00:00,90.0
379,200412160612.0,2004-12-22 12:00:00,2004-12-24 06:00:00,42.0
380,200412250012.0,2004-12-27 06:00:00,2004-12-28 12:00:00,30.0
381,200501021812.0,2005-01-03 18:00:00,2005-01-05 00:00:00,30.0
382,200501030013.0,2005-01-07 00:00:00,2005-01-08 00:00:00,24.0
383,200501150010.0,2005-01-17 00:00:00,2005-01-23 12:00:00,156.0
384,200501251202.0,2005-01-26 00:00:00,2005-01-26 18:00:00,18.0
385,200501261803.0,2005-01-26 18:00:00,2005-01-27 06:00:00,12.0
386,200501260006.0,2005-01-30 12:00:00,2005-01-31 06:00:00,18.0
387,200501270609.0,2005-02-01 00:00:00,2005-02-02 12:00:00,36.0
388,200502090013.0,2005-02-09 00:00:00,2005-02-09 06:00:00,6.0
389,200502091811.0,2005-02-10 00:00:00,2005-02-11 18:00:00,42.0
390,200502131214.0,2005-02-15 12:00:00,2005-02-15 18:00:00,6.0
391,200502211210.0,2005-02-22 12:00:00,2005-02-23 18:00:00,30.0
392,200502251210.0,2005-02-26 06:00:00,2005-02-27 18:00:00,36.0
393,200503010002.0,2005-03-01 12:00:00,2005-03-01 18:00:00,6.0
394,200503030616.0,2005-03-03 18:00:00,2005-03-04 06:00:00,12.0
395,200503010012.0,2005-03-04 12:00:00,2005-03-07 00:00:00,60.0
396,200503060012.0,2005-03-07 00:00:00,2005-03-11 06:00:00,102.0
397,200503070615.0,2005-03-07 06:00:00,2005-03-07 12:00:00,6.0
398,200503090004.0,2005-03-09 00:00:00,2005-03-09 06:00:00,6.0
399,200503120005.0,2005-03-12 00:00:00,2005-03-12 12:00:00,12.0
400,200503130004.0,2005-03-13 00:00:00,2005-03-13 06:00:00,6.0
401,200503221212.0,2005-03-26 00:00:00,2005-03-26 18:00:00,18.0
402,200503301813.0,2005-03-31 00:00:00,2005-04-01 00:00:00,24.0
403,200504040613.0,2005-04-05 06:00:00,2005-04-06 00:00:00,18.0
404,200504111213.0,2005-04-11 12:00:00,2005-04-11 18:00:00,6.0
405,200504170013.0,2005-04-18 18:00:00,2005-04-20 00:00:00,30.0
406,200504220601.0,2005-04-22 06:00:00,2005-04-23 12:00:00,30.0
407,200505110010.0,2005-05-12 00:00:00,2005-05-19 06:00:00,174.0
408,200505121803.0,2005-05-12 18:00:00,2005-05-13 00:00:00,6.0
409,200505140602.0,2005-05-14 06:00:00,2005-05-14 18:00:00,12.0
410,200505270612.0,2005-05-27 06:00:00,2005-05-27 12:00:00,6.0
411,200505211813.0,2005-05-27 12:00:00,2005-05-28 06:00:00,18.0
412,200505271811.0,2005-05-27 18:00:00,2005-05-28 06:00:00,12.0
413,200506091803.0,2005-06-09 18:00:00,2005-06-10 12:00:00,18.0
414,200506141810.0,2005-06-14 18:00:00,2005-06-15 00:00:00,6.0
415,200506271815.0,2005-06-28 06:00:00,2005-06-28 18:00:00,12.0
416,200507030014.0,2005-07-03 06:00:00,2005-07-07 12:00:00,102.0
417,200507081802.0,2005-07-14 00:00:00,2005-07-15 18:00:00,42.0
418,200507170003.0,2005-07-17 00:00:00,2005-07-17 18:00:00,18.0
419,200507240614.0,2005-07-25 12:00:00,2005-07-27 12:00:00,48.0
420,200508020008.0,2005-08-03 00:00:00,2005-08-04 12:00:00,36.0
421,200508020604.0,2005-08-08 12:00:00,2005-08-09 00:00:00,12.0
422,200508161210.0,2005-08-18 00:00:00,2005-08-20 06:00:00,54.0
423,200508170013.0,2005-08-23 12:00:00,2005-08-26 18:00:00,78.0
424,200509041811.0,2005-09-05 00:00:00,2005-09-05 12:00:00,12.0
425,200508311210.0,2005-09-06 06:00:00,2005-09-11 06:00:00,120.0
426,200509070604.0,2005-09-07 06:00:00,2005-09-07 12:00:00,6.0
427,200509121204.0,2005-09-12 12:00:00,2005-09-12 18:00:00,6.0
428,200509151807.0,2005-09-23 12:00:00,2005-09-25 00:00:00,36.0
429,200509260009.0,2005-09-27 18:00:00,2005-09-29 06:00:00,36.0
430,200509300604.0,2005-10-04 18:00:00,2005-10-05 12:00:00,18.0
431,200510070013.0,2005-10-09 12:00:00,2005-10-10 18:00:00,30.0
432,200510101211.0,2005-10-11 12:00:00,2005-10-12 06:00:00,18.0
433,200510200002.0,2005-10-21 00:00:00,2005-10-22 00:00:00,24.0
434,200510211211.0,2005-10-22 00:00:00,2005-10-23 06:00:00,30.0
435,200510240604.0,2005-10-24 12:00:00,2005-10-26 06:00:00,42.0
436,200510271804.0,2005-10-28 00:00:00,2005-10-28 06:00:00,6.0
437,200510301213.0,2005-10-31 06:00:00,2005-10-31 18:00:00,12.0
438,200511070608.0,2005-11-09 00:00:00,2005-11-10 06:00:00,30.0
439,200511111213.0,2005-11-15 06:00:00,2005-11-15 12:00:00,6.0
440,200511150612.0,2005-11-16 18:00:00,2005-11-18 00:00:00,30.0
441,200511150603.0,2005-11-18 00:00:00,2005-11-19 12:00:00,36.0
442,200511180611.0,2005-11-20 18:00:00,2005-11-25 06:00:00,108.0
443,200511250610.0,2005-11-25 06:00:00,2005-11-25 18:00:00,12.0
444,200512070001.0,2005-12-07 00:00:00,2005-12-07 06:00:00,6.0
445,200512040609.0,2005-12-07 18:00:00,2005-12-08 00:00:00,6.0
446,200512080603.0,2005-12-08 06:00:00,2005-12-09 00:00:00,18.0
447,200512080611.0,2005-12-09 00:00:00,2005-12-11 00:00:00,48.0
448,200512120610.0,2005-12-14 18:00:00,2005-12-17 12:00:00,66.0
449,200512171202.0,2005-12-17 12:00:00,2005-12-17 18:00:00,6.0
450,200512171210.0,2005-12-20 12:00:00,2005-12-24 06:00:00,90.0
451,200512211211.0,2005-12-21 12:00:00,2005-12-21 18:00:00,6.0
452,200512240010.0,2005-12-27 06:00:00,2005-12-28 18:00:00,36.0
453,200512280004.0,2005-12-28 00:00:00,2005-12-28 06:00:00,6.0
454,200512270607.0,2005-12-30 00:00:00,2005-12-30 12:00:00,12.0
455,200601021809.0,2006-01-05 06:00:00,2006-01-06 06:00:00,24.0
456,200601051211.0,2006-01-08 12:00:00,2006-01-09 06:00:00,18.0
457,200601120012.0,2006-01-17 00:00:00,2006-01-17 12:00:00,12.0
458,200601191807.0,2006-01-22 00:00:00,2006-01-22 18:00:00,18.0
459,200601241204.0,2006-01-24 12:00:00,2006-01-25 00:00:00,12.0
460,200601251214.0,2006-01-25 12:00:00,2006-01-26 00:00:00,12.0
461,200601290010.0,2006-01-31 12:00:00,2006-01-31 18:00:00,6.0
462,200602021810.0,2006-02-05 18:00:00,2006-02-06 00:00:00,6.0
463,200602040012.0,2006-02-06 00:00:00,2006-02-08 18:00:00,66.0
464,200602071215.0,2006-02-09 18:00:00,2006-02-10 18:00:00,24.0
465,200602110002.0,2006-02-11 00:00:00,2006-02-11 12:00:00,12.0
466,200602091809.0,2006-02-11 12:00:00,2006-02-12 18:00:00,30.0
467,200602141801.0,2006-02-19 12:00:00,2006-02-20 06:00:00,18.0
468,200603050607.0,2006-03-08 00:00:00,2006-03-08 18:00:00,18.0
469,200603161808.0,2006-03-19 06:00:00,2006-03-20 18:00:00,36.0
470,200603221808.0,2006-03-24 00:00:00,2006-03-24 18:00:00,18.0
471,200604061212.0,2006-04-07 12:00:00,2006-04-07 18:00:00,6.0
472,200604110614.0,2006-04-13 18:00:00,2006-04-14 06:00:00,12.0
473,200604170003.0,2006-04-17 12:00:00,2006-04-19 00:00:00,36.0
474,200604220604.0,2006-04-22 06:00:00,2006-04-22 12:00:00,6.0
475,200604221801.0,2006-04-22 18:00:00,2006-04-24 00:00:00,30.0
476,200604250612.0,2006-04-25 06:00:00,2006-04-25 12:00:00,6.0
477,200604230011.0,2006-04-27 18:00:00,2006-04-29 00:00:00,30.0
478,200605020602.0,2006-05-02 06:00:00,2006-05-02 12:00:00,6.0
479,200605020008.0,2006-05-02 12:00:00,2006-05-05 00:00:00,60.0
480,200605051213.0,2006-05-05 12:00:00,2006-05-05 18:00:00,6.0
481,200604300605.0,2006-05-06 00:00:00,2006-05-07 06:00:00,30.0
482,200605100004.0,2006-05-10 00:00:00,2006-05-10 06:00:00,6.0
483,200605170012.0,2006-05-17 00:00:00,2006-05-18 06:00:00,30.0
484,200605230013.0,2006-05-23 06:00:00,2006-05-24 12:00:00,30.0
485,200605210015.0,2006-05-26 12:00:00,2006-05-26 18:00:00,6.0
486,200605301202.0,2006-05-30 12:00:00,2006-05-30 18:00:00,6.0
487,200605281813.0,2006-05-31 00:00:00,2006-06-02 18:00:00,66.0
488,200606040609.0,2006-06-09 18:00:00,2006-06-11 00:00:00,30.0
489,200606080611.0,2006-06-11 00:00:00,2006-06-11 12:00:00,12.0
490,200606140012.0,2006-06-15 06:00:00,2006-06-15 12:00:00,6.0
491,200606161802.0,2006-06-16 18:00:00,2006-06-17 12:00:00,18.0
492,200606240010.0,2006-06-24 06:00:00,2006-06-25 06:00:00,24.0
493,200606251202.0,2006-06-25 12:00:00,2006-06-25 18:00:00,6.0
494,200606270013.0,2006-06-27 00:00:00,2006-06-27 06:00:00,6.0
495,200606291208.0,2006-06-30 00:00:00,2006-06-30 06:00:00,6.0
496,200606291202.0,2006-07-08 06:00:00,2006-07-08 12:00:00,6.0
497,200607081815.0,2006-07-08 18:00:00,2006-07-09 00:00:00,6.0
498,200607090002.0,2006-07-09 00:00:00,2006-07-09 06:00:00,6.0
499,200607120603.0,2006-07-12 06:00:00,2006-07-12 18:00:00,12.0
500,200607190612.0,2006-07-20 06:00:00,2006-07-20 12:00:00,6.0
501,200607161210.0,2006-07-20 12:00:00,2006-07-26 18:00:00,150.0
502,200607210603.0,2006-07-21 06:00:00,2006-07-22 18:00:00,36.0
503,200607310015.0,2006-08-04 06:00:00,2006-08-04 12:00:00,6.0
504,200608071202.0,2006-08-07 18:00:00,2006-08-08 00:00:00,6.0
505,200608100603.0,2006-08-10 06:00:00,2006-08-10 12:00:00,6.0
506,200608111211.0,2006-08-11 18:00:00,2006-08-12 06:00:00,12.0
507,200608131204.0,2006-08-16 00:00:00,2006-08-16 12:00:00,12.0
508,200608180011.0,2006-08-18 00:00:00,2006-08-18 06:00:00,6.0
509,200608201201.0,2006-08-20 12:00:00,2006-08-21 18:00:00,30.0
510,200608201210.0,2006-08-23 06:00:00,2006-08-23 18:00:00,12.0
511,200608251205.0,2006-08-25 12:00:00,2006-08-25 18:00:00,6.0
512,200608290010.0,2006-08-31 00:00:00,2006-09-01 18:00:00,42.0
513,200608300611.0,2006-09-01 18:00:00,2006-09-02 12:00:00,18.0
514,200609040003.0,2006-09-04 00:00:00,2006-09-04 06:00:00,6.0
515,200609050609.0,2006-09-06 06:00:00,2006-09-06 18:00:00,12.0
516,200609070002.0,2006-09-07 00:00:00,2006-09-07 18:00:00,18.0
517,200609071802.0,2006-09-07 18:00:00,2006-09-09 06:00:00,36.0
518,200609091204.0,2006-09-09 12:00:00,2006-09-10 12:00:00,24.0
519,200609161209.0,2006-09-17 06:00:00,2006-09-18 00:00:00,18.0
520,200609190006.0,2006-09-19 18:00:00,2006-09-25 00:00:00,126.0
521,200609231213.0,2006-09-25 00:00:00,2006-09-28 00:00:00,72.0
522,200609261810.0,2006-09-28 00:00:00,2006-09-29 00:00:00,24.0
523,200610011809.0,2006-10-04 00:00:00,2006-10-05 12:00:00,36.0
524,200610061808.0,2006-10-09 06:00:00,2006-10-12 06:00:00,72.0
525,200610091809.0,2006-10-13 18:00:00,2006-10-15 00:00:00,30.0
526,200610151213.0,2006-10-17 18:00:00,2006-10-22 18:00:00,120.0
527,200610201812.0,2006-10-23 00:00:00,2006-10-23 12:00:00,12.0
528,200610240003.0,2006-10-24 00:00:00,2006-10-24 06:00:00,6.0
529,200610241813.0,2006-10-25 06:00:00,2006-10-26 00:00:00,18.0
530,200611031209.0,2006-11-06 18:00:00,2006-11-07 06:00:00,12.0
531,200611081208.0,2006-11-10 06:00:00,2006-11-10 12:00:00,6.0
532,200611180614.0,2006-11-19 00:00:00,2006-11-20 00:00:00,24.0
533,200612011212.0,2006-12-02 06:00:00,2006-12-03 18:00:00,36.0
534,200612040610.0,2006-12-04 06:00:00,2006-12-04 12:00:00,6.0
535,200612011811.0,2006-12-06 00:00:00,2006-12-08 18:00:00,66.0
536,200612070605.0,2006-12-11 06:00:00,2006-12-11 18:00:00,12.0
537,200612101808.0,2006-12-13 06:00:00,2006-12-13 12:00:00,6.0
538,200612130603.0,2006-12-18 00:00:00,2006-12-19 00:00:00,24.0
539,200612160601.0,2006-12-19 18:00:00,2006-12-21 18:00:00,48.0
540,200612211211.0,2006-12-22 18:00:00,2006-12-25 00:00:00,54.0
541,200612261814.0,2006-12-28 06:00:00,2006-12-29 06:00:00,24.0
542,200612300011.0,2006-12-30 00:00:00,2006-12-30 06:00:00,6.0
543,200612280613.0,2007-01-01 00:00:00,2007-01-02 18:00:00,42.0
544,200701030007.0,2007-01-05 06:00:00,2007-01-07 12:00:00,54.0
545,200701150002.0,2007-01-15 00:00:00,2007-01-16 00:00:00,24.0
546,200701150610.0,2007-01-21 06:00:00,2007-01-25 06:00:00,96.0
547,200701250611.0,2007-01-26 06:00:00,2007-01-27 06:00:00,24.0
548,200701241210.0,2007-01-28 12:00:00,2007-01-29 00:00:00,12.0
549,200701310602.0,2007-01-31 06:00:00,2007-02-01 00:00:00,18.0
550,200701281802.0,2007-02-03 18:00:00,2007-02-05 00:00:00,30.0
551,200702101807.0,2007-02-14 12:00:00,2007-02-18 00:00:00,84.0
552,200702270007.0,2007-03-02 18:00:00,2007-03-03 06:00:00,12.0
553,200703011207.0,2007-03-06 00:00:00,2007-03-07 12:00:00,36.0
554,200703101812.0,2007-03-17 00:00:00,2007-03-17 06:00:00,6.0
555,200703160014.0,2007-03-21 06:00:00,2007-03-24 00:00:00,66.0
556,200703280603.0,2007-03-28 06:00:00,2007-03-29 00:00:00,18.0
557,200704010610.0,2007-04-05 00:00:00,2007-04-09 06:00:00,102.0
558,200704071802.0,2007-04-07 18:00:00,2007-04-08 00:00:00,6.0
559,200704090605.0,2007-04-13 00:00:00,2007-04-13 18:00:00,18.0
560,200704120608.0,2007-04-15 12:00:00,2007-04-16 12:00:00,24.0
561,200704170007.0,2007-04-23 06:00:00,2007-04-24 12:00:00,30.0
562,200704210608.0,2007-04-26 12:00:00,2007-04-27 00:00:00,12.0
563,200705031811.0,2007-05-04 06:00:00,2007-05-04 12:00:00,6.0
564,200704291809.0,2007-05-06 06:00:00,2007-05-06 12:00:00,6.0
565,200705140010.0,2007-05-14 06:00:00,2007-05-16 06:00:00,48.0
566,200705150009.0,2007-05-23 06:00:00,2007-05-26 06:00:00,72.0
567,200705271208.0,2007-05-29 00:00:00,2007-05-30 06:00:00,30.0
568,200705301808.0,2007-05-30 18:00:00,2007-05-31 06:00:00,12.0
569,200705311802.0,2007-05-31 18:00:00,2007-06-01 00:00:00,6.0
570,200706021208.0,2007-06-03 06:00:00,2007-06-07 06:00:00,96.0
571,200705300010.0,2007-06-09 00:00:00,2007-06-10 12:00:00,36.0
572,200706200010.0,2007-06-20 00:00:00,2007-06-20 12:00:00,12.0
573,200706250614.0,2007-06-26 12:00:00,2007-06-27 00:00:00,12.0
574,200707011812.0,2007-07-03 12:00:00,2007-07-03 18:00:00,6.0
575,200707040011.0,2007-07-04 12:00:00,2007-07-05 00:00:00,12.0
576,200707051208.0,2007-07-09 06:00:00,2007-07-13 18:00:00,108.0
577,200707121811.0,2007-07-12 18:00:00,2007-07-13 00:00:00,6.0
578,200707230007.0,2007-07-25 06:00:00,2007-07-25 12:00:00,6.0
579,200707251802.0,2007-07-25 18:00:00,2007-07-26 12:00:00,18.0
580,200707271804.0,2007-07-28 06:00:00,2007-07-28 12:00:00,6.0
581,200708010003.0,2007-08-05 00:00:00,2007-08-06 06:00:00,30.0
582,200708121802.0,2007-08-14 00:00:00,2007-08-14 06:00:00,6.0
583,200708271212.0,2007-08-28 12:00:00,2007-08-29 06:00:00,18.0
584,200709040002.0,2007-09-04 18:00:00,2007-09-05 12:00:00,18.0
585,200709061213.0,2007-09-08 06:00:00,2007-09-10 12:00:00,54.0
586,200709101814.0,2007-09-10 18:00:00,2007-09-11 00:00:00,6.0
587,200709120603.0,2007-09-13 00:00:00,2007-09-13 18:00:00,18.0
588,200709131811.0,2007-09-15 00:00:00,2007-09-15 18:00:00,18.0
589,200709160013.0,2007-09-16 00:00:00,2007-09-16 06:00:00,6.0
590,200709171814.0,2007-09-19 00:00:00,2007-09-20 12:00:00,36.0
591,200709201813.0,2007-09-21 00:00:00,2007-09-21 06:00:00,6.0
592,200709220009.0,2007-09-23 18:00:00,2007-09-24 06:00:00,12.0
593,200709230617.0,2007-09-25 12:00:00,2007-09-26 00:00:00,12.0
594,200709290605.0,2007-09-29 06:00:00,2007-09-29 18:00:00,12.0
595,200710030013.0,2007-10-05 12:00:00,2007-10-06 06:00:00,18.0
596,200710101208.0,2007-10-11 06:00:00,2007-10-11 12:00:00,6.0
597,200710051213.0,2007-10-12 18:00:00,2007-10-15 12:00:00,66.0
598,200710171808.0,2007-10-21 12:00:00,2007-10-22 06:00:00,18.0
599,200710240004.0,2007-10-24 00:00:00,2007-10-24 12:00:00,12.0
600,200710241811.0,2007-10-26 18:00:00,2007-10-27 12:00:00,18.0
601,200710261812.0,2007-10-30 06:00:00,2007-10-31 06:00:00,24.0
602,200710311212.0,2007-11-01 18:00:00,2007-11-02 12:00:00,18.0
603,200711031810.0,2007-11-05 12:00:00,2007-11-05 18:00:00,6.0
604,200711110005.0,2007-11-15 18:00:00,2007-11-16 06:00:00,12.0
605,200711170012.0,2007-11-20 18:00:00,2007-11-21 18:00:00,24.0
606,200711201810.0,2007-11-22 00:00:00,2007-11-24 00:00:00,48.0
607,200712070610.0,2007-12-09 00:00:00,2007-12-11 12:00:00,60.0
608,200712141210.0,2007-12-14 12:00:00,2007-12-15 06:00:00,18.0
609,200712181810.0,2007-12-21 12:00:00,2007-12-22 18:00:00,30.0
610,200712210606.0,2007-12-23 12:00:00,2007-12-23 18:00:00,6.0
611,200712231810.0,2007-12-25 00:00:00,2007-12-25 18:00:00,18.0
612,200712310612.0,2008-01-01 06:00:00,2008-01-02 06:00:00,24.0
613,200801120011.0,2008-01-12 12:00:00,2008-01-12 18:00:00,6.0
614,200801121808.0,2008-01-13 18:00:00,2008-01-14 06:00:00,12.0
615,200801110001.0,2008-01-15 18:00:00,2008-01-17 00:00:00,30.0
616,200801171202.0,2008-01-17 12:00:00,2008-01-17 18:00:00,6.0
617,200801180602.0,2008-01-18 06:00:00,2008-01-19 00:00:00,18.0
618,200801221809.0,2008-01-23 00:00:00,2008-01-23 06:00:00,6.0
619,200801220610.0,2008-01-25 06:00:00,2008-01-25 18:00:00,12.0
620,200802051204.0,2008-02-05 12:00:00,2008-02-06 00:00:00,12.0
621,200802091804.0,2008-02-09 18:00:00,2008-02-10 06:00:00,12.0
622,200802081812.0,2008-02-11 12:00:00,2008-02-12 06:00:00,18.0
623,200802121810.0,2008-02-14 00:00:00,2008-02-15 12:00:00,36.0
624,200802121814.0,2008-02-16 18:00:00,2008-02-19 12:00:00,66.0
625,200802191204.0,2008-02-19 12:00:00,2008-02-20 06:00:00,18.0
626,200802201211.0,2008-02-20 12:00:00,2008-02-21 12:00:00,24.0
627,200802220008.0,2008-02-26 12:00:00,2008-02-27 12:00:00,24.0
628,200802221813.0,2008-02-28 18:00:00,2008-02-29 06:00:00,12.0
629,200803010007.0,2008-03-01 00:00:00,2008-03-01 06:00:00,6.0
630,200802290607.0,2008-03-02 12:00:00,2008-03-09 18:00:00,174.0
631,200803050002.0,2008-03-05 00:00:00,2008-03-06 18:00:00,42.0
632,200803071803.0,2008-03-07 18:00:00,2008-03-08 06:00:00,12.0
633,200803130011.0,2008-03-16 12:00:00,2008-03-17 06:00:00,18.0
634,200803220003.0,2008-03-22 00:00:00,2008-03-23 18:00:00,42.0
635,200804100609.0,2008-04-11 12:00:00,2008-04-13 06:00:00,42.0
636,200804151213.0,2008-04-16 00:00:00,2008-04-16 06:00:00,6.0
637,200804240013.0,2008-04-26 12:00:00,2008-04-27 18:00:00,30.0
638,200804221804.0,2008-05-01 18:00:00,2008-05-03 00:00:00,30.0
639,200805021810.0,2008-05-04 12:00:00,2008-05-04 18:00:00,6.0
640,200805080605.0,2008-05-12 00:00:00,2008-05-18 00:00:00,144.0
641,200805141804.0,2008-05-24 00:00:00,2008-05-25 06:00:00,30.0
642,200805260015.0,2008-05-26 00:00:00,2008-05-26 06:00:00,6.0
643,200805240603.0,2008-06-02 12:00:00,2008-06-03 06:00:00,18.0
644,200806030603.0,2008-06-03 06:00:00,2008-06-03 12:00:00,6.0
645,200806200012.0,2008-06-21 06:00:00,2008-06-22 00:00:00,18.0
646,200806260010.0,2008-06-27 18:00:00,2008-06-28 00:00:00,6.0
647,200806160002.0,2008-06-28 00:00:00,2008-06-29 06:00:00,30.0
648,200806291815.0,2008-06-29 18:00:00,2008-06-30 00:00:00,6.0
649,200806301211.0,2008-06-30 12:00:00,2008-07-01 00:00:00,12.0
650,200807011213.0,2008-07-01 12:00:00,2008-07-02 00:00:00,12.0
651,200806301814.0,2008-07-02 00:00:00,2008-07-02 12:00:00,12.0
652,200807040605.0,2008-07-04 06:00:00,2008-07-04 12:00:00,6.0
653,200807040613.0,2008-07-04 18:00:00,2008-07-06 00:00:00,30.0
654,200807130611.0,2008-07-17 18:00:00,2008-07-21 00:00:00,78.0
655,200807191801.0,2008-07-19 18:00:00,2008-07-20 12:00:00,18.0
656,200807210006.0,2008-07-21 00:00:00,2008-07-22 06:00:00,30.0
657,200807241204.0,2008-07-24 12:00:00,2008-07-26 06:00:00,42.0
658,200807241211.0,2008-07-28 12:00:00,2008-07-29 18:00:00,30.0
659,200808081210.0,2008-08-11 18:00:00,2008-08-15 06:00:00,84.0
660,200808171812.0,2008-08-17 18:00:00,2008-08-20 18:00:00,72.0
661,200808201807.0,2008-08-22 12:00:00,2008-08-25 06:00:00,66.0
662,200808221212.0,2008-08-27 00:00:00,2008-08-28 06:00:00,30.0
663,200809011212.0,2008-09-03 12:00:00,2008-09-07 18:00:00,102.0
664,200809080008.0,2008-09-09 18:00:00,2008-09-11 18:00:00,48.0
665,200809111811.0,2008-09-14 00:00:00,2008-09-17 06:00:00,78.0
666,200809151811.0,2008-09-18 18:00:00,2008-09-19 00:00:00,6.0
667,200809271210.0,2008-09-28 18:00:00,2008-09-29 18:00:00,24.0
668,200809300612.0,2008-09-30 06:00:00,2008-10-03 06:00:00,72.0
669,200810010609.0,2008-10-01 06:00:00,2008-10-01 12:00:00,6.0
670,200810031202.0,2008-10-03 12:00:00,2008-10-05 06:00:00,42.0
671,200810081210.0,2008-10-10 12:00:00,2008-10-12 06:00:00,42.0
672,200810130607.0,2008-10-17 00:00:00,2008-10-17 06:00:00,6.0
673,200810190001.0,2008-10-19 00:00:00,2008-10-20 06:00:00,30.0
674,200810200611.0,2008-10-22 00:00:00,2008-10-23 06:00:00,30.0
675,200810220610.0,2008-10-23 12:00:00,2008-10-24 18:00:00,30.0
676,200810261802.0,2008-10-26 18:00:00,2008-10-27 06:00:00,12.0
677,200810271213.0,2008-10-27 12:00:00,2008-10-27 18:00:00,6.0
678,200810271211.0,2008-10-28 06:00:00,2008-10-29 06:00:00,24.0
679,200810260615.0,2008-10-31 12:00:00,2008-10-31 18:00:00,6.0
680,200811010004.0,2008-11-01 18:00:00,2008-11-02 06:00:00,12.0
681,200811011212.0,2008-11-06 12:00:00,2008-11-07 00:00:00,12.0
682,200811081803.0,2008-11-11 06:00:00,2008-11-15 06:00:00,96.0
683,200811191211.0,2008-11-20 06:00:00,2008-11-20 12:00:00,6.0
684,200811211211.0,2008-11-21 18:00:00,2008-11-22 00:00:00,6.0
685,200811230012.0,2008-11-23 18:00:00,2008-11-24 12:00:00,18.0
686,200811270004.0,2008-11-27 00:00:00,2008-11-27 06:00:00,6.0
687,200811241808.0,2008-11-28 06:00:00,2008-11-28 12:00:00,6.0
688,200811300015.0,2008-11-30 12:00:00,2008-12-01 06:00:00,18.0
689,200812011812.0,2008-12-04 00:00:00,2008-12-05 18:00:00,42.0
690,200812090001.0,2008-12-09 00:00:00,2008-12-09 18:00:00,18.0
691,200901010009.0,2009-01-04 12:00:00,2009-01-05 06:00:00,18.0
692,200901070613.0,2009-01-09 06:00:00,2009-01-13 06:00:00,96.0
693,200901101809.0,2009-01-13 06:00:00,2009-01-15 12:00:00,54.0
694,200901150010.0,2009-01-15 12:00:00,2009-01-18 18:00:00,78.0
695,200901231810.0,2009-01-26 18:00:00,2009-01-27 06:00:00,12.0
696,200901281209.0,2009-01-29 00:00:00,2009-01-30 12:00:00,36.0
697,200902010608.0,2009-02-03 06:00:00,2009-02-03 12:00:00,6.0
698,200902031809.0,2009-02-03 18:00:00,2009-02-04 06:00:00,12.0
699,200902051211.0,2009-02-07 00:00:00,2009-02-08 06:00:00,30.0
700,200902271209.0,2009-03-02 06:00:00,2009-03-02 12:00:00,6.0
701,200902281809.0,2009-03-04 00:00:00,2009-03-06 06:00:00,54.0
702,200903121205.0,2009-03-12 12:00:00,2009-03-13 06:00:00,18.0
703,200903300013.0,2009-03-30 06:00:00,2009-03-30 12:00:00,6.0
704,200904031811.0,2009-04-04 00:00:00,2009-04-04 18:00:00,18.0
705,200904151812.0,2009-04-16 00:00:00,2009-04-17 12:00:00,36.0
706,200904180013.0,2009-04-21 00:00:00,2009-04-21 06:00:00,6.0
707,200904190610.0,2009-04-23 12:00:00,2009-04-24 12:00:00,24.0
708,200905101810.0,2009-05-17 00:00:00,2009-05-17 12:00:00,12.0
709,200905240003.0,2009-05-24 00:00:00,2009-05-24 06:00:00,6.0
710,200905251202.0,2009-05-25 12:00:00,2009-05-26 12:00:00,24.0
711,200905300014.0,2009-05-30 06:00:00,2009-05-30 18:00:00,12.0
712,200906041803.0,2009-06-06 00:00:00,2009-06-06 06:00:00,6.0
713,200906170608.0,2009-06-23 00:00:00,2009-06-24 00:00:00,24.0
714,200906251219.0,2009-06-27 00:00:00,2009-06-28 00:00:00,24.0
715,200907161201.0,2009-07-17 06:00:00,2009-07-17 18:00:00,12.0
716,200907200004.0,2009-07-20 00:00:00,2009-07-20 06:00:00,6.0
717,200907201212.0,2009-07-20 12:00:00,2009-07-20 18:00:00,6.0
718,200907210014.0,2009-07-21 00:00:00,2009-07-21 06:00:00,6.0
719,200907200002.0,2009-07-22 12:00:00,2009-07-22 18:00:00,6.0
720,200907221803.0,2009-07-22 18:00:00,2009-07-25 00:00:00,54.0
721,200907250613.0,2009-07-26 06:00:00,2009-07-29 06:00:00,72.0
722,200907301811.0,2009-08-01 00:00:00,2009-08-01 06:00:00,6.0
723,200908130011.0,2009-08-15 06:00:00,2009-08-18 18:00:00,84.0
724,200908191204.0,2009-08-19 12:00:00,2009-08-19 18:00:00,6.0
725,200908240009.0,2009-08-24 06:00:00,2009-08-25 18:00:00,36.0
726,200908220609.0,2009-08-26 12:00:00,2009-08-30 18:00:00,102.0
727,200909031214.0,2009-09-04 00:00:00,2009-09-04 06:00:00,6.0
728,200909041216.0,2009-09-04 12:00:00,2009-09-04 18:00:00,6.0
729,200909021811.0,2009-09-05 18:00:00,2009-09-06 12:00:00,18.0
730,200909070615.0,2009-09-08 12:00:00,2009-09-11 06:00:00,66.0
731,200909090602.0,2009-09-09 06:00:00,2009-09-09 18:00:00,12.0
732,200909111210.0,2009-09-11 12:00:00,2009-09-11 18:00:00,6.0
733,200909120604.0,2009-09-12 06:00:00,2009-09-13 06:00:00,24.0
734,200909140618.0,2009-09-15 18:00:00,2009-09-16 18:00:00,24.0
735,200909170012.0,2009-09-17 00:00:00,2009-09-18 06:00:00,30.0
736,200909160610.0,2009-09-17 18:00:00,2009-09-18 12:00:00,18.0
737,200909181805.0,2009-09-19 00:00:00,2009-09-19 18:00:00,18.0
738,200909200012.0,2009-09-20 18:00:00,2009-09-24 12:00:00,90.0
739,200909221811.0,2009-09-25 00:00:00,2009-09-26 06:00:00,30.0
740,200910020612.0,2009-10-05 00:00:00,2009-10-06 00:00:00,24.0
741,200910051815.0,2009-10-07 12:00:00,2009-10-09 12:00:00,48.0
742,200910121802.0,2009-10-15 12:00:00,2009-10-17 00:00:00,36.0
743,200910211803.0,2009-10-21 18:00:00,2009-10-22 00:00:00,6.0
744,200910210014.0,2009-10-22 18:00:00,2009-10-26 00:00:00,78.0
745,200910261202.0,2009-10-29 06:00:00,2009-10-31 06:00:00,48.0
746,200911041202.0,2009-11-04 12:00:00,2009-11-06 06:00:00,42.0
747,200911110005.0,2009-11-14 00:00:00,2009-11-15 06:00:00,30.0
748,200911211207.0,2009-11-23 12:00:00,2009-11-23 18:00:00,6.0
749,200911230608.0,2009-11-24 18:00:00,2009-11-25 06:00:00,12.0
750,200911281211.0,2009-12-01 12:00:00,2009-12-03 18:00:00,54.0
751,200912031208.0,2009-12-07 06:00:00,2009-12-09 00:00:00,42.0
752,200912160011.0,2009-12-17 18:00:00,2009-12-18 06:00:00,12.0
753,200912181213.0,2009-12-18 12:00:00,2009-12-19 00:00:00,12.0
754,200912221210.0,2009-12-23 06:00:00,2009-12-23 18:00:00,12.0
755,200912210009.0,2009-12-24 12:00:00,2009-12-26 18:00:00,54.0
756,200912301810.0,2010-01-06 18:00:00,2010-01-08 06:00:00,36.0
757,201001061210.0,2010-01-09 18:00:00,2010-01-12 06:00:00,60.0
758,201001130609.0,2010-01-15 00:00:00,2010-01-15 12:00:00,12.0
759,201001140008.0,2010-01-16 12:00:00,2010-01-17 18:00:00,30.0
760,201001240608.0,2010-01-27 18:00:00,2010-01-29 18:00:00,48.0
761,201002051812.0,2010-02-06 00:00:00,2010-02-06 18:00:00,18.0
762,201002100003.0,2010-02-10 00:00:00,2010-02-10 06:00:00,6.0
763,201002060010.0,2010-02-11 12:00:00,2010-02-12 00:00:00,12.0
764,201002120014.0,2010-02-13 12:00:00,2010-02-14 18:00:00,30.0
765,201002140614.0,2010-02-15 18:00:00,2010-02-16 18:00:00,24.0
766,201002161811.0,2010-02-17 12:00:00,2010-02-18 18:00:00,30.0
767,201002270009.0,2010-02-28 12:00:00,2010-03-02 18:00:00,54.0
768,201002231208.0,2010-03-03 12:00:00,2010-03-03 18:00:00,6.0
769,201003030610.0,2010-03-05 18:00:00,2010-03-07 00:00:00,30.0
770,201003051802.0,2010-03-08 18:00:00,2010-03-11 12:00:00,66.0
771,201003091202.0,2010-03-09 12:00:00,2010-03-09 18:00:00,6.0
772,201003130611.0,2010-03-13 18:00:00,2010-03-15 12:00:00,42.0
773,201003171809.0,2010-03-19 06:00:00,2010-03-19 12:00:00,6.0
774,201003230009.0,2010-03-23 12:00:00,2010-03-24 12:00:00,24.0
775,201003250008.0,2010-03-27 00:00:00,2010-03-28 18:00:00,42.0
776,201003281212.0,2010-03-28 18:00:00,2010-03-29 12:00:00,18.0
777,201004100613.0,2010-04-13 12:00:00,2010-04-14 00:00:00,12.0
778,201004111202.0,2010-04-14 00:00:00,2010-04-14 12:00:00,12.0
779,201004180601.0,2010-04-18 06:00:00,2010-04-21 12:00:00,78.0
780,201004190008.0,2010-04-25 12:00:00,2010-04-28 00:00:00,60.0
781,201005071813.0,2010-05-11 18:00:00,2010-05-12 12:00:00,18.0
782,201005181203.0,2010-05-18 12:00:00,2010-05-19 06:00:00,18.0
783,201005191816.0,2010-05-19 18:00:00,2010-05-20 06:00:00,12.0
784,201005231211.0,2010-05-25 06:00:00,2010-05-25 18:00:00,12.0
785,201005270614.0,2010-05-27 06:00:00,2010-05-27 12:00:00,6.0
786,201005310003.0,2010-05-31 12:00:00,2010-05-31 18:00:00,6.0
787,201006011204.0,2010-06-01 12:00:00,2010-06-01 18:00:00,6.0
788,201005250004.0,2010-06-01 18:00:00,2010-06-03 00:00:00,30.0
789,201006070602.0,2010-06-11 18:00:00,2010-06-13 06:00:00,36.0
790,201006161215.0,2010-06-20 06:00:00,2010-06-23 12:00:00,78.0
791,201006231204.0,2010-06-23 12:00:00,2010-06-24 06:00:00,18.0
792,201006270003.0,2010-06-27 00:00:00,2010-06-27 06:00:00,6.0
793,201006291209.0,2010-06-30 18:00:00,2010-07-01 00:00:00,6.0
794,201006271214.0,2010-07-03 18:00:00,2010-07-04 06:00:00,12.0
795,201007051803.0,2010-07-05 18:00:00,2010-07-06 06:00:00,12.0
796,201006301808.0,2010-07-06 06:00:00,2010-07-10 06:00:00,96.0
797,201007071202.0,2010-07-07 12:00:00,2010-07-08 00:00:00,12.0
798,201007101213.0,2010-07-10 12:00:00,2010-07-10 18:00:00,6.0
799,201007111212.0,2010-07-11 12:00:00,2010-07-11 18:00:00,6.0
800,201007140016.0,2010-07-14 00:00:00,2010-07-14 12:00:00,12.0
801,201007171812.0,2010-07-21 00:00:00,2010-07-22 00:00:00,24.0
802,201007221818.0,2010-07-23 00:00:00,2010-07-24 18:00:00,42.0
803,201007311205.0,2010-07-31 12:00:00,2010-08-01 06:00:00,18.0
804,201007270010.0,2010-08-03 00:00:00,2010-08-03 06:00:00,6.0
805,201008030004.0,2010-08-05 06:00:00,2010-08-10 06:00:00,120.0
806,201008051203.0,2010-08-05 12:00:00,2010-08-06 00:00:00,12.0
807,201008070002.0,2010-08-07 00:00:00,2010-08-07 06:00:00,6.0
808,201008101203.0,2010-08-10 12:00:00,2010-08-11 06:00:00,18.0
809,201008120015.0,2010-08-12 00:00:00,2010-08-12 06:00:00,6.0
810,201008130002.0,2010-08-13 00:00:00,2010-08-13 18:00:00,18.0
811,201008081214.0,2010-08-13 18:00:00,2010-08-14 06:00:00,12.0
812,201008140603.0,2010-08-14 06:00:00,2010-08-14 12:00:00,6.0
813,201008151201.0,2010-08-16 00:00:00,2010-08-16 06:00:00,6.0
814,201008170607.0,2010-08-17 06:00:00,2010-08-17 12:00:00,6.0
815,201008151209.0,2010-08-17 12:00:00,2010-08-17 18:00:00,6.0
816,201008180603.0,2010-08-18 06:00:00,2010-08-18 12:00:00,6.0
817,201009011819.0,2010-09-02 06:00:00,2010-09-02 18:00:00,12.0
818,201009030017.0,2010-09-03 00:00:00,2010-09-03 12:00:00,12.0
819,201009070603.0,2010-09-08 00:00:00,2010-09-08 06:00:00,6.0
820,201009231815.0,2010-09-24 00:00:00,2010-09-26 06:00:00,54.0
821,201009260615.0,2010-09-27 06:00:00,2010-09-28 18:00:00,36.0
822,201009300603.0,2010-09-30 06:00:00,2010-10-01 12:00:00,30.0
823,201010011802.0,2010-10-01 18:00:00,2010-10-02 06:00:00,12.0
824,201010021812.0,2010-10-03 00:00:00,2010-10-03 06:00:00,6.0
825,201010030009.0,2010-10-05 06:00:00,2010-10-11 12:00:00,150.0
826,201010110007.0,2010-10-12 12:00:00,2010-10-13 06:00:00,18.0
827,201010140010.0,2010-10-17 12:00:00,2010-10-19 00:00:00,36.0
828,201010210614.0,2010-10-24 00:00:00,2010-10-24 06:00:00,6.0
829,201010240602.0,2010-10-29 00:00:00,2010-10-30 12:00:00,36.0
830,201010281809.0,2010-10-31 18:00:00,2010-11-02 06:00:00,36.0
831,201011020608.0,2010-11-03 12:00:00,2010-11-04 00:00:00,12.0
832,201011040603.0,2010-11-04 06:00:00,2010-11-05 06:00:00,24.0
833,201011011212.0,2010-11-06 00:00:00,2010-11-07 00:00:00,24.0
834,201011091811.0,2010-11-11 06:00:00,2010-11-11 18:00:00,12.0
835,201011081814.0,2010-11-12 12:00:00,2010-11-13 18:00:00,30.0
836,201011191208.0,2010-11-21 06:00:00,2010-11-24 12:00:00,78.0
837,201011290011.0,2010-11-29 12:00:00,2010-11-30 12:00:00,24.0
838,201012011811.0,2010-12-04 12:00:00,2010-12-05 18:00:00,30.0
839,201012061212.0,2010-12-06 12:00:00,2010-12-06 18:00:00,6.0
840,201012060610.0,2010-12-07 06:00:00,2010-12-08 12:00:00,30.0
841,201101021209.0,2011-01-02 12:00:00,2011-01-02 18:00:00,6.0
842,201012300612.0,2011-01-02 18:00:00,2011-01-04 18:00:00,48.0
843,201101191202.0,2011-01-20 00:00:00,2011-01-21 00:00:00,24.0
844,201101201808.0,2011-01-21 12:00:00,2011-01-24 12:00:00,72.0
845,201101240013.0,2011-01-26 00:00:00,2011-01-27 00:00:00,24.0
846,201101280013.0,2011-02-01 00:00:00,2011-02-01 18:00:00,18.0
847,201101290612.0,2011-02-01 18:00:00,2011-02-04 12:00:00,66.0
848,201102080603.0,2011-02-09 12:00:00,2011-02-09 18:00:00,6.0
849,201102100010.0,2011-02-11 00:00:00,2011-02-12 06:00:00,30.0
850,201102210608.0,2011-02-24 18:00:00,2011-02-25 12:00:00,18.0
851,201103031809.0,2011-03-04 18:00:00,2011-03-05 06:00:00,12.0
852,201103130017.0,2011-03-14 00:00:00,2011-03-15 18:00:00,42.0
853,201103270611.0,2011-03-30 00:00:00,2011-03-30 06:00:00,6.0
854,201103300609.0,2011-04-03 12:00:00,2011-04-04 06:00:00,18.0
855,201104071202.0,2011-04-07 18:00:00,2011-04-09 00:00:00,30.0
856,201104221802.0,2011-04-22 18:00:00,2011-04-24 06:00:00,36.0
857,201105010007.0,2011-05-01 18:00:00,2011-05-02 12:00:00,18.0
858,201105021809.0,2011-05-04 00:00:00,2011-05-05 06:00:00,30.0
859,201105180013.0,2011-05-18 06:00:00,2011-05-19 06:00:00,24.0
860,201105171814.0,2011-05-19 06:00:00,2011-05-21 06:00:00,48.0
861,201105220611.0,2011-05-22 12:00:00,2011-05-22 18:00:00,6.0
862,201105230012.0,2011-05-23 00:00:00,2011-05-23 06:00:00,6.0
863,201105240012.0,2011-05-24 00:00:00,2011-05-24 06:00:00,6.0
864,201105181812.0,2011-05-26 06:00:00,2011-05-27 00:00:00,18.0
865,201106161214.0,2011-06-17 18:00:00,2011-06-18 00:00:00,6.0
866,201106200016.0,2011-06-20 18:00:00,2011-06-21 00:00:00,6.0
867,201106271806.0,2011-06-29 00:00:00,2011-06-29 06:00:00,6.0
868,201107010016.0,2011-07-01 18:00:00,2011-07-02 12:00:00,18.0
869,201107040011.0,2011-07-04 12:00:00,2011-07-05 06:00:00,18.0
870,201107091213.0,2011-07-12 12:00:00,2011-07-13 12:00:00,24.0
871,201107250009.0,2011-07-25 00:00:00,2011-07-25 06:00:00,6.0
872,201108031805.0,2011-08-03 18:00:00,2011-08-04 00:00:00,6.0
873,201107271213.0,2011-08-04 00:00:00,2011-08-04 18:00:00,18.0
874,201108051205.0,2011-08-05 18:00:00,2011-08-06 00:00:00,6.0
875,201108151805.0,2011-08-15 18:00:00,2011-08-16 00:00:00,6.0
876,201108131214.0,2011-08-19 12:00:00,2011-08-20 00:00:00,12.0
877,201108201803.0,2011-08-20 18:00:00,2011-08-22 18:00:00,48.0
878,201108230604.0,2011-08-23 18:00:00,2011-08-24 06:00:00,12.0
879,201108280012.0,2011-08-28 00:00:00,2011-08-28 12:00:00,12.0
880,201109010606.0,2011-09-01 06:00:00,2011-09-01 18:00:00,12.0
881,201109030603.0,2011-09-03 06:00:00,2011-09-05 06:00:00,48.0
882,201109050602.0,2011-09-05 06:00:00,2011-09-10 00:00:00,114.0
883,201109091809.0,2011-09-13 00:00:00,2011-09-13 18:00:00,18.0
884,201109140003.0,2011-09-14 00:00:00,2011-09-14 06:00:00,6.0
885,201109150608.0,2011-09-18 06:00:00,2011-09-18 12:00:00,6.0
886,201109181811.0,2011-09-18 18:00:00,2011-09-19 06:00:00,12.0
887,201109111809.0,2011-09-19 18:00:00,2011-09-24 06:00:00,108.0
888,201109260602.0,2011-09-26 18:00:00,2011-09-27 12:00:00,18.0
889,201109281208.0,2011-09-29 18:00:00,2011-09-30 18:00:00,24.0
890,201110081216.0,2011-10-08 18:00:00,2011-10-09 00:00:00,6.0
891,201110081214.0,2011-10-09 00:00:00,2011-10-09 06:00:00,6.0
892,201110131211.0,2011-10-18 00:00:00,2011-10-18 18:00:00,18.0
893,201110201810.0,2011-10-21 12:00:00,2011-10-21 18:00:00,6.0
894,201110241209.0,2011-10-25 12:00:00,2011-10-26 12:00:00,24.0
895,201110271210.0,2011-10-28 06:00:00,2011-10-28 18:00:00,12.0
896,201110310011.0,2011-11-01 00:00:00,2011-11-02 12:00:00,36.0
897,201111091810.0,2011-11-12 12:00:00,2011-11-12 18:00:00,6.0
898,201111251214.0,2011-11-26 12:00:00,2011-11-26 18:00:00,6.0
899,201111231810.0,2011-11-28 06:00:00,2011-11-29 00:00:00,18.0
900,201111300011.0,2011-11-30 12:00:00,2011-12-01 18:00:00,30.0
901,201111300612.0,2011-12-02 06:00:00,2011-12-03 06:00:00,24.0
902,201112021810.0,2011-12-03 06:00:00,2011-12-05 18:00:00,60.0
903,201112071204.0,2011-12-08 00:00:00,2011-12-08 18:00:00,18.0
904,201112071804.0,2011-12-12 00:00:00,2011-12-12 18:00:00,18.0
905,201112151204.0,2011-12-15 18:00:00,2011-12-16 00:00:00,6.0
906,201112160012.0,2011-12-18 18:00:00,2011-12-20 00:00:00,30.0
907,201112211203.0,2011-12-21 12:00:00,2011-12-23 00:00:00,36.0
908,201112231810.0,2011-12-24 00:00:00,2011-12-24 06:00:00,6.0
909,201112221208.0,2011-12-26 12:00:00,2011-12-29 00:00:00,60.0
910,201112261804.0,2011-12-26 18:00:00,2011-12-27 06:00:00,12.0
911,201112301807.0,2012-01-01 06:00:00,2012-01-02 18:00:00,36.0
912,201112311210.0,2012-01-03 18:00:00,2012-01-05 00:00:00,30.0
913,201201041213.0,2012-01-07 12:00:00,2012-01-09 00:00:00,36.0
914,201201080008.0,2012-01-11 00:00:00,2012-01-11 06:00:00,6.0
915,201201130607.0,2012-01-20 18:00:00,2012-01-21 06:00:00,12.0
916,201201210009.0,2012-01-24 12:00:00,2012-01-25 12:00:00,24.0
917,201201261808.0,2012-01-28 18:00:00,2012-01-29 06:00:00,12.0
918,201202020601.0,2012-02-02 06:00:00,2012-02-04 06:00:00,48.0
919,201202030010.0,2012-02-05 18:00:00,2012-02-06 06:00:00,12.0
920,201202070608.0,2012-02-08 06:00:00,2012-02-10 06:00:00,48.0
921,201202090002.0,2012-02-09 00:00:00,2012-02-09 12:00:00,12.0
922,201202051809.0,2012-02-11 06:00:00,2012-02-16 06:00:00,120.0
923,201202131804.0,2012-02-13 18:00:00,2012-02-14 06:00:00,12.0
924,201203061209.0,2012-03-08 00:00:00,2012-03-10 00:00:00,48.0
925,201203261811.0,2012-03-28 06:00:00,2012-03-28 12:00:00,6.0
926,201203210010.0,2012-03-29 06:00:00,2012-03-29 12:00:00,6.0
927,201204030004.0,2012-04-03 00:00:00,2012-04-03 06:00:00,6.0
928,201204160004.0,2012-04-16 00:00:00,2012-04-16 12:00:00,12.0
929,201204121808.0,2012-04-20 00:00:00,2012-04-20 06:00:00,6.0
930,201204240602.0,2012-04-26 00:00:00,2012-04-26 18:00:00,18.0
931,201204210609.0,2012-04-29 12:00:00,2012-04-29 18:00:00,6.0
932,201204291802.0,2012-04-29 18:00:00,2012-04-30 00:00:00,6.0
933,201205050611.0,2012-05-06 06:00:00,2012-05-08 06:00:00,48.0
934,201205091210.0,2012-05-10 18:00:00,2012-05-12 06:00:00,36.0
935,201205090611.0,2012-05-12 06:00:00,2012-05-12 12:00:00,6.0
936,201205091810.0,2012-05-12 12:00:00,2012-05-13 00:00:00,12.0
937,201205201201.0,2012-05-20 18:00:00,2012-05-23 12:00:00,66.0
938,201205220611.0,2012-05-22 06:00:00,2012-05-22 12:00:00,6.0
939,201205241808.0,2012-05-29 12:00:00,2012-06-02 06:00:00,90.0
940,201205301803.0,2012-05-30 18:00:00,2012-05-31 00:00:00,6.0
941,201206021212.0,2012-06-05 12:00:00,2012-06-08 12:00:00,72.0
942,201206030608.0,2012-06-10 06:00:00,2012-06-11 18:00:00,36.0
943,201206091806.0,2012-06-16 00:00:00,2012-06-16 18:00:00,18.0
944,201206231218.0,2012-06-23 12:00:00,2012-06-24 00:00:00,12.0
945,201206250611.0,2012-06-25 06:00:00,2012-06-25 12:00:00,6.0
946,201206281813.0,2012-06-29 00:00:00,2012-06-29 06:00:00,6.0
947,201207070001.0,2012-07-07 00:00:00,2012-07-08 06:00:00,30.0
948,201207090007.0,2012-07-09 12:00:00,2012-07-10 18:00:00,30.0
949,201207110009.0,2012-07-12 18:00:00,2012-07-13 18:00:00,24.0
950,201207140001.0,2012-07-14 00:00:00,2012-07-14 06:00:00,6.0
951,201207150004.0,2012-07-15 06:00:00,2012-07-16 06:00:00,24.0
952,201207120003.0,2012-07-18 00:00:00,2012-07-19 18:00:00,42.0
953,201207201204.0,2012-07-20 12:00:00,2012-07-20 18:00:00,6.0
954,201207231809.0,2012-07-23 18:00:00,2012-07-24 00:00:00,6.0
955,201207260604.0,2012-08-02 06:00:00,2012-08-04 06:00:00,48.0
956,201208031213.0,2012-08-05 12:00:00,2012-08-06 06:00:00,18.0
957,201208061204.0,2012-08-06 12:00:00,2012-08-06 18:00:00,6.0
958,201208071205.0,2012-08-07 12:00:00,2012-08-07 18:00:00,6.0
959,201208100013.0,2012-08-13 18:00:00,2012-08-14 00:00:00,6.0
960,201208180012.0,2012-08-18 00:00:00,2012-08-18 18:00:00,18.0
961,201208181205.0,2012-08-19 12:00:00,2012-08-19 18:00:00,6.0
962,201208231801.0,2012-08-24 00:00:00,2012-08-24 06:00:00,6.0
963,201208250013.0,2012-08-25 00:00:00,2012-08-25 06:00:00,6.0
964,201208250012.0,2012-08-27 00:00:00,2012-08-28 06:00:00,30.0
965,201209010004.0,2012-09-01 06:00:00,2012-09-02 00:00:00,18.0
966,201208310604.0,2012-09-03 00:00:00,2012-09-03 12:00:00,12.0
967,201209040003.0,2012-09-04 00:00:00,2012-09-04 06:00:00,6.0
968,201209040612.0,2012-09-04 18:00:00,2012-09-06 18:00:00,48.0
969,201209061812.0,2012-09-07 00:00:00,2012-09-09 06:00:00,54.0
970,201209090604.0,2012-09-09 06:00:00,2012-09-10 00:00:00,18.0
971,201209110012.0,2012-09-12 06:00:00,2012-09-14 06:00:00,48.0
972,201209150009.0,2012-09-15 18:00:00,2012-09-18 00:00:00,54.0
973,201209170010.0,2012-09-18 12:00:00,2012-09-21 00:00:00,60.0
974,201209210613.0,2012-09-21 12:00:00,2012-09-24 06:00:00,66.0
975,201209231211.0,2012-09-25 12:00:00,2012-09-26 06:00:00,18.0
976,201209240008.0,2012-09-26 18:00:00,2012-09-27 00:00:00,6.0
977,201209270604.0,2012-09-27 06:00:00,2012-09-28 18:00:00,36.0
978,201209271808.0,2012-10-01 00:00:00,2012-10-01 18:00:00,18.0
979,201210011212.0,2012-10-04 06:00:00,2012-10-09 00:00:00,114.0
980,201210120613.0,2012-10-13 18:00:00,2012-10-16 00:00:00,54.0
981,201210311211.0,2012-11-02 12:00:00,2012-11-05 00:00:00,60.0
982,201211050611.0,2012-11-05 06:00:00,2012-11-05 12:00:00,6.0
983,201211211210.0,2012-11-22 12:00:00,2012-11-23 06:00:00,18.0
984,201212100602.0,2012-12-10 12:00:00,2012-12-11 06:00:00,18.0
985,201212080604.0,2012-12-12 12:00:00,2012-12-15 06:00:00,66.0
986,201212121801.0,2012-12-12 18:00:00,2012-12-13 00:00:00,6.0
987,201212271808.0,2012-12-30 06:00:00,2012-12-31 12:00:00,30.0
988,201212310012.0,2013-01-01 06:00:00,2013-01-03 00:00:00,42.0
989,201301041209.0,2013-01-05 06:00:00,2013-01-05 18:00:00,12.0
990,201301081809.0,2013-01-13 00:00:00,2013-01-15 06:00:00,54.0
991,201301170004.0,2013-01-17 00:00:00,2013-01-17 18:00:00,18.0
992,201301161208.0,2013-01-20 12:00:00,2013-01-23 06:00:00,66.0
993,201301260009.0,2013-01-28 12:00:00,2013-01-30 06:00:00,42.0
994,201301281809.0,2013-02-01 18:00:00,2013-02-02 12:00:00,18.0
995,201301311812.0,2013-02-03 12:00:00,2013-02-04 00:00:00,12.0
996,201302051811.0,2013-02-08 06:00:00,2013-02-10 18:00:00,60.0
997,201302141210.0,2013-02-14 18:00:00,2013-02-15 18:00:00,24.0
998,201302260610.0,2013-02-28 18:00:00,2013-03-01 00:00:00,6.0
999,201303071802.0,2013-03-08 12:00:00,2013-03-08 18:00:00,6.0
1000,201304021812.0,2013-04-08 18:00:00,2013-04-10 06:00:00,36.0
1001,201304100610.0,2013-04-17 00:00:00,2013-04-17 18:00:00,18.0
1002,201304211212.0,2013-04-24 00:00:00,2013-04-24 06:00:00,6.0
1003,201304201810.0,2013-04-24 06:00:00,2013-04-24 12:00:00,6.0
1004,201304251803.0,2013-04-25 18:00:00,2013-04-26 18:00:00,24.0
1005,201304251809.0,2013-04-26 18:00:00,2013-04-27 12:00:00,18.0
1006,201304270608.0,2013-05-01 12:00:00,2013-05-02 18:00:00,30.0
1007,201305020612.0,2013-05-02 18:00:00,2013-05-05 06:00:00,60.0
1008,201305080009.0,2013-05-11 06:00:00,2013-05-13 12:00:00,54.0
1009,201305170004.0,2013-05-17 00:00:00,2013-05-17 06:00:00,6.0
1010,201305171202.0,2013-05-17 12:00:00,2013-05-17 18:00:00,6.0
1011,201305221212.0,2013-05-22 12:00:00,2013-05-22 18:00:00,6.0
1012,201305230009.0,2013-05-24 18:00:00,2013-05-25 00:00:00,6.0
1013,201306041203.0,2013-06-04 12:00:00,2013-06-04 18:00:00,6.0
1014,201306011212.0,2013-06-06 18:00:00,2013-06-07 06:00:00,12.0
1015,201306191812.0,2013-06-19 18:00:00,2013-06-20 06:00:00,12.0
1016,201306201211.0,2013-06-20 12:00:00,2013-06-20 18:00:00,6.0
1017,201306180603.0,2013-06-21 00:00:00,2013-06-21 06:00:00,6.0
1018,201306240616.0,2013-06-24 06:00:00,2013-06-24 12:00:00,6.0
1019,201306250015.0,2013-06-25 00:00:00,2013-06-25 06:00:00,6.0
1020,201306141811.0,2013-06-25 12:00:00,2013-06-27 00:00:00,36.0
1021,201306281803.0,2013-06-29 06:00:00,2013-06-29 12:00:00,6.0
1022,201306300003.0,2013-06-30 00:00:00,2013-06-30 06:00:00,6.0
1023,201307011205.0,2013-07-01 12:00:00,2013-07-02 00:00:00,12.0
1024,201306280612.0,2013-07-02 00:00:00,2013-07-02 06:00:00,6.0
1025,201307020615.0,2013-07-02 06:00:00,2013-07-03 06:00:00,24.0
1026,201307070003.0,2013-07-07 18:00:00,2013-07-09 06:00:00,36.0
1027,201307160003.0,2013-07-16 06:00:00,2013-07-20 12:00:00,102.0
1028,201307231813.0,2013-07-27 18:00:00,2013-07-28 12:00:00,18.0
1029,201308021201.0,2013-08-03 18:00:00,2013-08-05 18:00:00,48.0
1030,201308071203.0,2013-08-07 18:00:00,2013-08-09 00:00:00,30.0
1031,201308081812.0,2013-08-09 00:00:00,2013-08-11 06:00:00,54.0
1032,201308171207.0,2013-08-17 12:00:00,2013-08-18 06:00:00,18.0
1033,201308220004.0,2013-08-22 00:00:00,2013-08-22 06:00:00,6.0
1034,201308220011.0,2013-08-22 00:00:00,2013-08-22 12:00:00,12.0
1035,201308251802.0,2013-08-25 18:00:00,2013-08-26 18:00:00,24.0
1036,201308261203.0,2013-08-26 18:00:00,2013-08-27 00:00:00,6.0
1037,201308270611.0,2013-08-27 06:00:00,2013-08-27 12:00:00,6.0
1038,201308301815.0,2013-08-30 18:00:00,2013-08-31 06:00:00,12.0
1039,201308301804.0,2013-09-02 06:00:00,2013-09-04 18:00:00,60.0
1040,201309050015.0,2013-09-05 00:00:00,2013-09-05 06:00:00,6.0
1041,201309041209.0,2013-09-06 06:00:00,2013-09-09 06:00:00,72.0
1042,201309071810.0,2013-09-10 06:00:00,2013-09-10 12:00:00,6.0
1043,201309101803.0,2013-09-10 18:00:00,2013-09-12 06:00:00,36.0
1044,201309181209.0,2013-09-19 06:00:00,2013-09-19 12:00:00,6.0
1045,201309191805.0,2013-09-19 18:00:00,2013-09-21 12:00:00,42.0
1046,201309220004.0,2013-09-22 00:00:00,2013-09-22 12:00:00,12.0
1047,201309221810.0,2013-09-25 18:00:00,2013-09-26 18:00:00,24.0
1048,201309270011.0,2013-09-27 18:00:00,2013-09-28 18:00:00,24.0
1049,201310010011.0,2013-10-03 12:00:00,2013-10-07 00:00:00,84.0
1050,201310070612.0,2013-10-08 18:00:00,2013-10-10 06:00:00,36.0
1051,201310111810.0,2013-10-13 12:00:00,2013-10-15 06:00:00,42.0
1052,201310141210.0,2013-10-15 18:00:00,2013-10-20 18:00:00,120.0
1053,201310191213.0,2013-10-23 06:00:00,2013-10-23 12:00:00,6.0
1054,201310211210.0,2013-10-25 06:00:00,2013-10-25 18:00:00,12.0
1055,201310251803.0,2013-10-25 18:00:00,2013-10-26 06:00:00,12.0
1056,201310250601.0,2013-10-27 18:00:00,2013-10-29 12:00:00,42.0
1057,201311050606.0,2013-11-10 18:00:00,2013-11-11 06:00:00,12.0
1058,201311100612.0,2013-11-12 06:00:00,2013-11-12 12:00:00,6.0
1059,201311101801.0,2013-11-14 06:00:00,2013-11-15 06:00:00,24.0
1060,201311201812.0,2013-11-21 12:00:00,2013-11-23 18:00:00,54.0
1061,201311261816.0,2013-11-27 12:00:00,2013-11-28 00:00:00,12.0
1062,201312041211.0,2013-12-07 06:00:00,2013-12-07 12:00:00,6.0
1063,201312071816.0,2013-12-07 18:00:00,2013-12-08 00:00:00,6.0
1064,201312070611.0,2013-12-11 06:00:00,2013-12-12 12:00:00,30.0
1065,201312130610.0,2013-12-13 18:00:00,2013-12-15 00:00:00,30.0
1066,201312151210.0,2013-12-19 18:00:00,2013-12-20 18:00:00,24.0
1067,201312210011.0,2013-12-22 12:00:00,2013-12-23 06:00:00,18.0
1068,201312221810.0,2013-12-25 00:00:00,2013-12-27 00:00:00,48.0
1069,201312250611.0,2013-12-28 12:00:00,2013-12-29 12:00:00,24.0
1070,201401010603.0,2014-01-01 06:00:00,2014-01-02 06:00:00,24.0
1071,201401010006.0,2014-01-05 00:00:00,2014-01-06 06:00:00,30.0
1072,201401080003.0,2014-01-12 12:00:00,2014-01-15 06:00:00,66.0
1073,201401140013.0,2014-01-15 18:00:00,2014-01-16 06:00:00,12.0
1074,201401150012.0,2014-01-16 06:00:00,2014-01-17 00:00:00,18.0
1075,201401171804.0,2014-01-17 18:00:00,2014-01-18 06:00:00,12.0
1076,201401200611.0,2014-01-20 18:00:00,2014-01-22 12:00:00,42.0
1077,201401181808.0,2014-01-22 12:00:00,2014-01-24 06:00:00,42.0
1078,201401251801.0,2014-01-25 18:00:00,2014-01-26 12:00:00,18.0
1079,201401251212.0,2014-01-26 18:00:00,2014-01-27 00:00:00,6.0
1080,201401271205.0,2014-01-27 18:00:00,2014-01-28 00:00:00,6.0
1081,201401271216.0,2014-01-28 00:00:00,2014-01-28 06:00:00,6.0
1082,201401280604.0,2014-01-28 06:00:00,2014-01-28 12:00:00,6.0
1083,201401270609.0,2014-01-28 12:00:00,2014-01-28 18:00:00,6.0
1084,201402130604.0,2014-02-14 06:00:00,2014-02-16 06:00:00,48.0
1085,201403020010.0,2014-03-07 18:00:00,2014-03-09 18:00:00,48.0
1086,201403081813.0,2014-03-11 00:00:00,2014-03-12 12:00:00,36.0
1087,201403090606.0,2014-03-13 12:00:00,2014-03-14 06:00:00,18.0
1088,201403150007.0,2014-03-15 18:00:00,2014-03-16 00:00:00,6.0
1089,201403230010.0,2014-03-25 00:00:00,2014-03-25 12:00:00,12.0
1090,201404051212.0,2014-04-07 00:00:00,2014-04-08 18:00:00,42.0
1091,201404061210.0,2014-04-10 00:00:00,2014-04-10 12:00:00,12.0
1092,201404120613.0,2014-04-17 06:00:00,2014-04-17 18:00:00,12.0
1093,201404191204.0,2014-04-19 12:00:00,2014-04-20 06:00:00,18.0
1094,201404230610.0,2014-04-23 06:00:00,2014-04-24 06:00:00,24.0
1095,201404220610.0,2014-04-26 12:00:00,2014-04-26 18:00:00,6.0
1096,201404281208.0,2014-04-28 18:00:00,2014-04-29 00:00:00,6.0
1097,201404290601.0,2014-04-29 06:00:00,2014-05-01 06:00:00,48.0
1098,201405041810.0,2014-05-12 18:00:00,2014-05-14 06:00:00,36.0
1099,201405181810.0,2014-05-22 00:00:00,2014-05-23 12:00:00,36.0
1100,201405261213.0,2014-05-30 18:00:00,2014-05-31 06:00:00,12.0
1101,201406071210.0,2014-06-08 00:00:00,2014-06-08 06:00:00,6.0
1102,201406081203.0,2014-06-08 12:00:00,2014-06-08 18:00:00,6.0
1103,201406111207.0,2014-06-13 18:00:00,2014-06-18 06:00:00,108.0
1104,201406200614.0,2014-06-20 06:00:00,2014-06-20 12:00:00,6.0
1105,201406180001.0,2014-06-20 12:00:00,2014-06-21 06:00:00,18.0
1106,201406130610.0,2014-06-22 00:00:00,2014-06-23 00:00:00,24.0
1107,201406210005.0,2014-06-23 00:00:00,2014-06-23 06:00:00,6.0
1108,201406230604.0,2014-06-23 06:00:00,2014-06-23 18:00:00,12.0
1109,201406240001.0,2014-06-24 00:00:00,2014-06-24 12:00:00,12.0
1110,201406271204.0,2014-06-27 12:00:00,2014-06-27 18:00:00,6.0
1111,201406241809.0,2014-07-05 12:00:00,2014-07-06 00:00:00,12.0
1112,201407051203.0,2014-07-06 00:00:00,2014-07-06 06:00:00,6.0
1113,201407091810.0,2014-07-11 00:00:00,2014-07-15 06:00:00,102.0
1114,201407150614.0,2014-07-18 00:00:00,2014-07-19 06:00:00,30.0
1115,201407260601.0,2014-07-26 06:00:00,2014-07-26 12:00:00,6.0
1116,201407281205.0,2014-07-28 12:00:00,2014-07-29 18:00:00,30.0
1117,201407300011.0,2014-07-30 00:00:00,2014-07-30 12:00:00,12.0
1118,201408021807.0,2014-08-04 00:00:00,2014-08-04 12:00:00,12.0
1119,201408081812.0,2014-08-09 00:00:00,2014-08-12 06:00:00,78.0
1120,201408121213.0,2014-08-12 12:00:00,2014-08-12 18:00:00,6.0
1121,201408111811.0,2014-08-12 18:00:00,2014-08-15 12:00:00,66.0
1122,201408151205.0,2014-08-15 12:00:00,2014-08-16 06:00:00,18.0
1123,201408141214.0,2014-08-16 18:00:00,2014-08-18 18:00:00,48.0
1124,201408250003.0,2014-08-25 00:00:00,2014-08-25 06:00:00,6.0
1125,201408281204.0,2014-08-28 18:00:00,2014-08-29 00:00:00,6.0
1126,201409031215.0,2014-09-04 12:00:00,2014-09-06 18:00:00,54.0
1127,201409110009.0,2014-09-12 12:00:00,2014-09-13 00:00:00,12.0
1128,201409130612.0,2014-09-13 06:00:00,2014-09-13 12:00:00,6.0
1129,201409140602.0,2014-09-14 06:00:00,2014-09-14 12:00:00,6.0
1130,201409141804.0,2014-09-14 18:00:00,2014-09-15 00:00:00,6.0
1131,201409120012.0,2014-09-18 00:00:00,2014-09-29 06:00:00,270.0
1132,201409250602.0,2014-09-25 06:00:00,2014-09-25 12:00:00,6.0
1133,201409251812.0,2014-09-25 18:00:00,2014-09-26 00:00:00,6.0
1134,201409291211.0,2014-10-03 00:00:00,2014-10-06 06:00:00,78.0
1135,201410091211.0,2014-10-09 18:00:00,2014-10-11 00:00:00,30.0
1136,201410110012.0,2014-10-12 18:00:00,2014-10-14 06:00:00,36.0
1137,201410131212.0,2014-10-17 12:00:00,2014-10-18 12:00:00,24.0
1138,201410180610.0,2014-10-18 18:00:00,2014-10-20 12:00:00,42.0
1139,201410210609.0,2014-10-21 12:00:00,2014-10-22 00:00:00,12.0
1140,201410241812.0,2014-10-30 12:00:00,2014-10-31 06:00:00,18.0
1141,201410311212.0,2014-11-04 00:00:00,2014-11-04 06:00:00,6.0
1142,201411041812.0,2014-11-06 00:00:00,2014-11-06 18:00:00,18.0
1143,201411061210.0,2014-11-07 12:00:00,2014-11-08 00:00:00,12.0
1144,201411141803.0,2014-11-16 18:00:00,2014-11-17 06:00:00,12.0
1145,201411170011.0,2014-11-18 12:00:00,2014-11-20 00:00:00,36.0
1146,201411180010.0,2014-11-21 12:00:00,2014-11-21 18:00:00,6.0
1147,201412061207.0,2014-12-07 12:00:00,2014-12-07 18:00:00,6.0
1148,201412071208.0,2014-12-07 18:00:00,2014-12-11 06:00:00,84.0
1149,201412100610.0,2014-12-14 00:00:00,2014-12-15 18:00:00,42.0
1150,201412160602.0,2014-12-16 06:00:00,2014-12-16 12:00:00,6.0
1151,201412180611.0,2014-12-18 18:00:00,2014-12-19 06:00:00,12.0
1152,201412150602.0,2014-12-20 06:00:00,2014-12-20 18:00:00,12.0
1153,201412231807.0,2014-12-30 00:00:00,2014-12-31 06:00:00,30.0
1154,201501060601.0,2015-01-06 06:00:00,2015-01-09 18:00:00,84.0
1155,201501040607.0,2015-01-12 18:00:00,2015-01-13 06:00:00,12.0
1156,201501130604.0,2015-01-13 06:00:00,2015-01-13 12:00:00,6.0
1157,201501121812.0,2015-01-14 06:00:00,2015-01-14 12:00:00,6.0
1158,201501130010.0,2015-01-14 12:00:00,2015-01-17 18:00:00,78.0
1159,201501160011.0,2015-01-20 12:00:00,2015-01-25 12:00:00,120.0
1160,201501211804.0,2015-01-21 18:00:00,2015-01-22 06:00:00,12.0
1161,201502010607.0,2015-02-06 00:00:00,2015-02-07 00:00:00,24.0
1162,201502060611.0,2015-02-11 00:00:00,2015-02-13 00:00:00,48.0
1163,201502131206.0,2015-02-13 12:00:00,2015-02-14 00:00:00,12.0
1164,201502131213.0,2015-02-16 06:00:00,2015-02-17 18:00:00,36.0
1165,201502141814.0,2015-02-21 12:00:00,2015-02-22 18:00:00,30.0
1166,201502230012.0,2015-03-01 06:00:00,2015-03-01 12:00:00,6.0
1167,201503051204.0,2015-03-05 18:00:00,2015-03-06 00:00:00,6.0
1168,201503030612.0,2015-03-07 12:00:00,2015-03-08 00:00:00,12.0
1169,201503091815.0,2015-03-13 00:00:00,2015-03-14 06:00:00,30.0
1170,201503181803.0,2015-03-18 18:00:00,2015-03-19 00:00:00,6.0
1171,201503170608.0,2015-03-20 12:00:00,2015-03-21 00:00:00,12.0
1172,201503201811.0,2015-03-25 12:00:00,2015-03-26 12:00:00,24.0
1173,201503251211.0,2015-03-28 18:00:00,2015-03-29 06:00:00,12.0
1174,201504070004.0,2015-04-07 12:00:00,2015-04-11 00:00:00,84.0
1175,201504131213.0,2015-04-15 00:00:00,2015-04-15 18:00:00,18.0
1176,201504140001.0,2015-04-18 12:00:00,2015-04-20 12:00:00,48.0
1177,201504210616.0,2015-04-21 06:00:00,2015-04-21 12:00:00,6.0
1178,201504270003.0,2015-04-28 00:00:00,2015-04-28 12:00:00,12.0
1179,201504281809.0,2015-04-28 18:00:00,2015-04-29 12:00:00,18.0
1180,201505051211.0,2015-05-08 06:00:00,2015-05-09 12:00:00,30.0
1181,201505111214.0,2015-05-11 12:00:00,2015-05-12 06:00:00,18.0
1182,201506011807.0,2015-06-04 00:00:00,2015-06-08 00:00:00,96.0
1183,201506060010.0,2015-06-06 00:00:00,2015-06-06 06:00:00,6.0
1184,201506090602.0,2015-06-10 00:00:00,2015-06-10 12:00:00,12.0
1185,201506210008.0,2015-06-24 06:00:00,2015-06-25 18:00:00,36.0
1186,201506261212.0,2015-06-26 12:00:00,2015-06-26 18:00:00,6.0
1187,201506261809.0,2015-06-27 00:00:00,2015-06-27 06:00:00,6.0
1188,201506290002.0,2015-06-29 00:00:00,2015-06-29 06:00:00,6.0
1189,201507011209.0,2015-07-01 18:00:00,2015-07-03 12:00:00,42.0
1190,201507071803.0,2015-07-08 00:00:00,2015-07-09 06:00:00,30.0
1191,201507111803.0,2015-07-11 18:00:00,2015-07-12 00:00:00,6.0
1192,201507121202.0,2015-07-16 18:00:00,2015-07-17 18:00:00,24.0
1193,201507181206.0,2015-07-18 12:00:00,2015-07-18 18:00:00,6.0
1194,201507240605.0,2015-07-24 06:00:00,2015-07-24 12:00:00,6.0
1195,201507250008.0,2015-07-26 12:00:00,2015-07-27 12:00:00,24.0
1196,201507271804.0,2015-07-27 18:00:00,2015-07-28 06:00:00,12.0
1197,201507310004.0,2015-07-31 00:00:00,2015-08-01 00:00:00,24.0
1198,201508040614.0,2015-08-04 06:00:00,2015-08-04 12:00:00,6.0
1199,201508041810.0,2015-08-04 18:00:00,2015-08-05 12:00:00,18.0
1200,201508060610.0,2015-08-10 00:00:00,2015-08-13 00:00:00,72.0
1201,201508100615.0,2015-08-10 06:00:00,2015-08-10 18:00:00,12.0
1202,201508110018.0,2015-08-11 00:00:00,2015-08-11 12:00:00,12.0
1203,201508151811.0,2015-08-17 06:00:00,2015-08-19 06:00:00,48.0
1204,201508270614.0,2015-08-27 18:00:00,2015-08-28 12:00:00,18.0
1205,201508281203.0,2015-08-28 12:00:00,2015-08-31 06:00:00,66.0
1206,201509051809.0,2015-09-10 00:00:00,2015-09-12 06:00:00,54.0
1207,201509171209.0,2015-09-18 06:00:00,2015-09-19 12:00:00,30.0
1208,201509260004.0,2015-09-26 12:00:00,2015-10-01 12:00:00,120.0
1209,201510030012.0,2015-10-03 00:00:00,2015-10-03 18:00:00,18.0
1210,201510061808.0,2015-10-08 00:00:00,2015-10-10 18:00:00,66.0
1211,201510101208.0,2015-10-11 18:00:00,2015-10-12 12:00:00,18.0
1212,201510140611.0,2015-10-15 12:00:00,2015-10-18 12:00:00,72.0
1213,201510160015.0,2015-10-18 12:00:00,2015-10-21 12:00:00,72.0
1214,201510181803.0,2015-10-18 18:00:00,2015-10-19 00:00:00,6.0
1215,201510241214.0,2015-10-28 00:00:00,2015-10-28 12:00:00,12.0
1216,201511011212.0,2015-11-06 00:00:00,2015-11-06 06:00:00,6.0
1217,201511061203.0,2015-11-06 12:00:00,2015-11-06 18:00:00,6.0
1218,201511070011.0,2015-11-09 12:00:00,2015-11-10 18:00:00,30.0
1219,201511041810.0,2015-11-12 06:00:00,2015-11-12 18:00:00,12.0
1220,201511141811.0,2015-11-16 18:00:00,2015-11-17 00:00:00,6.0
1221,201511151211.0,2015-11-20 12:00:00,2015-11-21 18:00:00,30.0
1222,201511240010.0,2015-11-26 00:00:00,2015-11-30 06:00:00,102.0
1223,201512010612.0,2015-12-01 12:00:00,2015-12-02 00:00:00,12.0
1224,201512021203.0,2015-12-03 00:00:00,2015-12-03 06:00:00,6.0
1225,201512051201.0,2015-12-05 12:00:00,2015-12-05 18:00:00,6.0
1226,201512050009.0,2015-12-06 18:00:00,2015-12-08 18:00:00,48.0
1227,201512170012.0,2015-12-17 06:00:00,2015-12-17 12:00:00,6.0
1228,201512230010.0,2015-12-26 06:00:00,2015-12-26 18:00:00,12.0
1229,201512211814.0,2015-12-28 18:00:00,2015-12-31 18:00:00,72.0
1230,201512291809.0,2016-01-01 12:00:00,2016-01-01 18:00:00,6.0
1231,201601020605.0,2016-01-02 06:00:00,2016-01-02 18:00:00,12.0
1232,201601081802.0,2016-01-09 00:00:00,2016-01-10 00:00:00,24.0
1233,201601041802.0,2016-01-10 18:00:00,2016-01-11 06:00:00,12.0
1234,201601110013.0,2016-01-11 06:00:00,2016-01-13 00:00:00,42.0
1235,201601111205.0,2016-01-11 12:00:00,2016-01-11 18:00:00,6.0
1236,201601131808.0,2016-01-16 12:00:00,2016-01-19 06:00:00,66.0
1237,201601200012.0,2016-01-21 00:00:00,2016-01-21 18:00:00,18.0
1238,201601211808.0,2016-01-21 18:00:00,2016-01-22 00:00:00,6.0
1239,201601160607.0,2016-01-25 06:00:00,2016-01-26 12:00:00,30.0
1240,201601261811.0,2016-01-26 18:00:00,2016-01-27 00:00:00,6.0
1241,201601181210.0,2016-01-27 06:00:00,2016-01-28 12:00:00,30.0
1242,201602031203.0,2016-02-03 12:00:00,2016-02-04 00:00:00,12.0
1243,201602010611.0,2016-02-04 12:00:00,2016-02-05 18:00:00,30.0
1244,201602040609.0,2016-02-07 12:00:00,2016-02-10 12:00:00,72.0
1245,201602081815.0,2016-02-08 18:00:00,2016-02-09 00:00:00,6.0
1246,201602091210.0,2016-02-10 12:00:00,2016-02-12 12:00:00,48.0
1247,201602191808.0,2016-02-21 00:00:00,2016-02-21 18:00:00,18.0
1248,201602211814.0,2016-02-24 00:00:00,2016-02-24 12:00:00,12.0
1249,201602231209.0,2016-02-24 12:00:00,2016-02-26 12:00:00,48.0
1250,201602230609.0,2016-02-27 18:00:00,2016-02-28 12:00:00,18.0
1251,201603031811.0,2016-03-04 06:00:00,2016-03-04 18:00:00,12.0
1252,201603200604.0,2016-03-20 06:00:00,2016-03-21 00:00:00,18.0
1253,201603200012.0,2016-03-23 06:00:00,2016-03-24 00:00:00,18.0
1254,201603250010.0,2016-03-28 06:00:00,2016-03-31 12:00:00,78.0
1255,201604020611.0,2016-04-05 06:00:00,2016-04-07 18:00:00,60.0
1256,201604021209.0,2016-04-10 06:00:00,2016-04-10 18:00:00,12.0
1257,201604160603.0,2016-04-17 12:00:00,2016-04-19 00:00:00,36.0
1258,201604230012.0,2016-04-25 06:00:00,2016-04-27 00:00:00,42.0
1259,201604251811.0,2016-04-28 12:00:00,2016-04-28 18:00:00,6.0
1260,201604291211.0,2016-04-30 12:00:00,2016-05-02 18:00:00,54.0
1261,201605031214.0,2016-05-03 12:00:00,2016-05-04 06:00:00,18.0
1262,201605021810.0,2016-05-06 00:00:00,2016-05-07 18:00:00,42.0
1263,201605081211.0,2016-05-09 18:00:00,2016-05-10 00:00:00,6.0
1264,201605150007.0,2016-05-17 00:00:00,2016-05-18 06:00:00,30.0
1265,201605171809.0,2016-05-20 18:00:00,2016-05-22 00:00:00,30.0
1266,201605281810.0,2016-05-31 12:00:00,2016-06-01 12:00:00,24.0
1267,201606021203.0,2016-06-03 06:00:00,2016-06-04 00:00:00,18.0
1268,201605261212.0,2016-06-04 00:00:00,2016-06-04 06:00:00,6.0
1269,201606060003.0,2016-06-06 00:00:00,2016-06-06 18:00:00,18.0
1270,201606071810.0,2016-06-20 06:00:00,2016-06-21 06:00:00,24.0
1271,201606260004.0,2016-06-26 00:00:00,2016-06-26 06:00:00,6.0
1272,201606260613.0,2016-06-28 00:00:00,2016-06-28 06:00:00,6.0
1273,201606270014.0,2016-07-01 06:00:00,2016-07-03 00:00:00,42.0
1274,201606301811.0,2016-07-02 00:00:00,2016-07-02 06:00:00,6.0
1275,201607160605.0,2016-07-19 06:00:00,2016-07-22 00:00:00,66.0
1276,201607191204.0,2016-07-19 12:00:00,2016-07-19 18:00:00,6.0
1277,201607230004.0,2016-07-23 00:00:00,2016-07-23 18:00:00,18.0
1278,201607240012.0,2016-07-24 00:00:00,2016-07-24 06:00:00,6.0
1279,201607241213.0,2016-07-24 12:00:00,2016-07-24 18:00:00,6.0
1280,201607250001.0,2016-07-25 00:00:00,2016-07-25 06:00:00,6.0
1281,201607240614.0,2016-07-25 06:00:00,2016-07-25 18:00:00,12.0
1282,201607251810.0,2016-07-26 00:00:00,2016-07-28 06:00:00,54.0
1283,201607241212.0,2016-07-28 06:00:00,2016-07-28 12:00:00,6.0
1284,201607281204.0,2016-07-28 12:00:00,2016-07-31 06:00:00,66.0
1285,201608010013.0,2016-08-05 06:00:00,2016-08-09 06:00:00,96.0
1286,201608051201.0,2016-08-05 12:00:00,2016-08-06 06:00:00,18.0
1287,201608100012.0,2016-08-10 12:00:00,2016-08-14 00:00:00,84.0
1288,201608141804.0,2016-08-14 18:00:00,2016-08-15 12:00:00,18.0
1289,201608161810.0,2016-08-18 06:00:00,2016-08-19 18:00:00,36.0
1290,201608221205.0,2016-08-23 00:00:00,2016-08-23 06:00:00,6.0
1291,201608231202.0,2016-08-23 12:00:00,2016-08-27 00:00:00,84.0
1292,201608291204.0,2016-08-29 12:00:00,2016-08-30 06:00:00,18.0
1293,201608311813.0,2016-08-31 18:00:00,2016-09-01 00:00:00,6.0
1294,201608300614.0,2016-09-09 06:00:00,2016-09-10 12:00:00,30.0
1295,201609081813.0,2016-09-11 18:00:00,2016-09-13 18:00:00,48.0
1296,201609141812.0,2016-09-15 00:00:00,2016-09-16 06:00:00,30.0
1297,201609151216.0,2016-09-16 06:00:00,2016-09-16 18:00:00,12.0
1298,201609190011.0,2016-09-21 12:00:00,2016-09-26 18:00:00,126.0
1299,201610070002.0,2016-10-12 18:00:00,2016-10-13 18:00:00,24.0
1300,201610180016.0,2016-10-19 12:00:00,2016-10-20 00:00:00,12.0
1301,201611010004.0,2016-11-01 12:00:00,2016-11-02 00:00:00,12.0
1302,201611011211.0,2016-11-03 00:00:00,2016-11-05 18:00:00,66.0
1303,201611051210.0,2016-11-07 00:00:00,2016-11-09 06:00:00,54.0
1304,201611061204.0,2016-11-10 00:00:00,2016-11-12 06:00:00,54.0
1305,201611110608.0,2016-11-13 06:00:00,2016-11-14 00:00:00,18.0
1306,201611270611.0,2016-11-29 06:00:00,2016-11-30 12:00:00,30.0
1307,201611270602.0,2016-12-02 06:00:00,2016-12-02 18:00:00,12.0
1308,201612130603.0,2016-12-18 18:00:00,2016-12-19 06:00:00,12.0
1309,201612201813.0,2016-12-21 00:00:00,2016-12-21 06:00:00,6.0
1310,201612251808.0,2016-12-30 06:00:00,2016-12-30 12:00:00,6.0
1311,201612300014.0,2017-01-01 18:00:00,2017-01-02 18:00:00,24.0
1312,201701100011.0,2017-01-13 12:00:00,2017-01-18 18:00:00,126.0
1313,201701140014.0,2017-01-14 00:00:00,2017-01-15 00:00:00,24.0
1314,201701191212.0,2017-01-24 06:00:00,2017-01-25 18:00:00,36.0
1315,201701240614.0,2017-01-26 06:00:00,2017-01-29 06:00:00,72.0
1316,201701261206.0,2017-01-26 12:00:00,2017-01-26 18:00:00,6.0
1317,201702020615.0,2017-02-03 12:00:00,2017-02-03 18:00:00,6.0
1318,201702081808.0,2017-02-11 18:00:00,2017-02-13 00:00:00,30.0
1319,201702091809.0,2017-02-13 00:00:00,2017-02-16 06:00:00,78.0
1320,201702230602.0,2017-02-23 18:00:00,2017-02-24 18:00:00,24.0
1321,201703011812.0,2017-03-02 12:00:00,2017-03-02 18:00:00,6.0
1322,201703060002.0,2017-03-12 18:00:00,2017-03-15 00:00:00,54.0
1323,201703301209.0,2017-03-31 00:00:00,2017-04-01 06:00:00,30.0
1324,201703301810.0,2017-04-03 18:00:00,2017-04-05 18:00:00,48.0
1325,201704300012.0,2017-05-02 18:00:00,2017-05-03 18:00:00,24.0
1326,201705040011.0,2017-05-07 12:00:00,2017-05-08 12:00:00,24.0
1327,201705120013.0,2017-05-12 00:00:00,2017-05-12 06:00:00,6.0
1328,201705121214.0,2017-05-12 12:00:00,2017-05-13 18:00:00,30.0
1329,201705160612.0,2017-05-20 18:00:00,2017-05-23 06:00:00,60.0
1330,201705231203.0,2017-05-23 12:00:00,2017-05-23 18:00:00,6.0
1331,201705211808.0,2017-05-24 12:00:00,2017-05-25 06:00:00,18.0
1332,201705300014.0,2017-05-30 00:00:00,2017-05-30 06:00:00,6.0
1333,201705311206.0,2017-06-05 12:00:00,2017-06-07 18:00:00,54.0
1334,201706071804.0,2017-06-07 18:00:00,2017-06-08 00:00:00,6.0
1335,201706081803.0,2017-06-08 18:00:00,2017-06-09 12:00:00,18.0
1336,201706091805.0,2017-06-09 18:00:00,2017-06-10 06:00:00,12.0
1337,201706100608.0,2017-06-15 18:00:00,2017-06-20 00:00:00,102.0
1338,201706200001.0,2017-06-20 00:00:00,2017-06-20 06:00:00,6.0
1339,201706231810.0,2017-06-24 06:00:00,2017-06-25 00:00:00,18.0
1340,201706190610.0,2017-06-30 00:00:00,2017-07-01 18:00:00,42.0
1341,201707091811.0,2017-07-09 18:00:00,2017-07-10 00:00:00,6.0
1342,201707161214.0,2017-07-17 06:00:00,2017-07-17 12:00:00,6.0
1343,201707130014.0,2017-07-17 12:00:00,2017-07-18 00:00:00,12.0
1344,201707191212.0,2017-07-21 12:00:00,2017-07-24 12:00:00,72.0
1345,201707211804.0,2017-07-21 18:00:00,2017-07-23 00:00:00,30.0
1346,201707290013.0,2017-07-29 06:00:00,2017-07-30 00:00:00,18.0
1347,201708110003.0,2017-08-11 18:00:00,2017-08-12 06:00:00,12.0
1348,201708070011.0,2017-08-12 06:00:00,2017-08-13 00:00:00,18.0
1349,201708121805.0,2017-08-13 00:00:00,2017-08-13 18:00:00,18.0
1350,201708140014.0,2017-08-14 00:00:00,2017-08-18 18:00:00,114.0
1351,201708150615.0,2017-08-15 18:00:00,2017-08-16 06:00:00,12.0
1352,201708161810.0,2017-08-17 12:00:00,2017-08-18 06:00:00,18.0
1353,201708161207.0,2017-08-21 00:00:00,2017-08-23 06:00:00,54.0
1354,201708250002.0,2017-08-25 00:00:00,2017-08-25 06:00:00,6.0
1355,201708251201.0,2017-08-25 12:00:00,2017-08-27 06:00:00,42.0
1356,201708240609.0,2017-08-27 06:00:00,2017-08-27 18:00:00,12.0
1357,201708271819.0,2017-08-28 18:00:00,2017-08-29 06:00:00,12.0
1358,201708291203.0,2017-08-29 12:00:00,2017-09-01 18:00:00,78.0
1359,201709030009.0,2017-09-04 06:00:00,2017-09-08 06:00:00,96.0
1360,201709071810.0,2017-09-09 00:00:00,2017-09-09 18:00:00,18.0
1361,201709100009.0,2017-09-11 00:00:00,2017-09-11 12:00:00,12.0
1362,201709170004.0,2017-09-17 00:00:00,2017-09-17 06:00:00,6.0
1363,201709190009.0,2017-09-21 18:00:00,2017-09-22 18:00:00,24.0
1364,201709210612.0,2017-09-23 12:00:00,2017-09-29 06:00:00,138.0
1365,201710020604.0,2017-10-02 12:00:00,2017-10-04 18:00:00,54.0
1366,201710050010.0,2017-10-05 00:00:00,2017-10-05 06:00:00,6.0
1367,201710060002.0,2017-10-06 00:00:00,2017-10-06 12:00:00,12.0
1368,201710090003.0,2017-10-09 00:00:00,2017-10-09 06:00:00,6.0
1369,201710111811.0,2017-10-14 00:00:00,2017-10-18 18:00:00,114.0
1370,201710201811.0,2017-10-21 18:00:00,2017-10-27 18:00:00,144.0
1371,201710251810.0,2017-10-30 00:00:00,2017-10-31 06:00:00,30.0
1372,201711061212.0,2017-11-06 18:00:00,2017-11-08 00:00:00,30.0
1373,201711171811.0,2017-11-22 12:00:00,2017-11-22 18:00:00,6.0
1374,201711261207.0,2017-11-29 12:00:00,2017-11-29 18:00:00,6.0
1375,201712040604.0,2017-12-04 06:00:00,2017-12-04 18:00:00,12.0
1376,201712041807.0,2017-12-05 12:00:00,2017-12-10 00:00:00,108.0
1377,201712100012.0,2017-12-11 00:00:00,2017-12-12 00:00:00,24.0
1378,201712110009.0,2017-12-12 00:00:00,2017-12-15 00:00:00,72.0
1379,201712121811.0,2017-12-16 06:00:00,2017-12-17 06:00:00,24.0
1380,201712160604.0,2017-12-20 00:00:00,2017-12-20 06:00:00,6.0
1381,201712300606.0,2018-01-02 00:00:00,2018-01-02 12:00:00,12.0
1382,201801030003.0,2018-01-03 00:00:00,2018-01-03 06:00:00,6.0
1383,201712311811.0,2018-01-04 12:00:00,2018-01-06 00:00:00,36.0
1384,201801061802.0,2018-01-13 00:00:00,2018-01-18 06:00:00,126.0
1385,201801141201.0,2018-01-14 12:00:00,2018-01-15 12:00:00,24.0
1386,201801150611.0,2018-01-15 12:00:00,2018-01-16 00:00:00,12.0
1387,201801161203.0,2018-01-16 12:00:00,2018-01-16 18:00:00,6.0
1388,201801271214.0,2018-01-29 00:00:00,2018-01-29 06:00:00,6.0
1389,201801291816.0,2018-02-02 12:00:00,2018-02-07 06:00:00,114.0
1390,201802100013.0,2018-02-12 06:00:00,2018-02-13 00:00:00,18.0
1391,201803120612.0,2018-03-12 12:00:00,2018-03-14 06:00:00,42.0
1392,201803181209.0,2018-03-22 12:00:00,2018-03-23 00:00:00,12.0
1393,201803220608.0,2018-03-26 18:00:00,2018-03-27 06:00:00,12.0
1394,201803301211.0,2018-04-05 18:00:00,2018-04-06 06:00:00,12.0
1395,201804060614.0,2018-04-06 06:00:00,2018-04-06 12:00:00,6.0
1396,201804080611.0,2018-04-10 00:00:00,2018-04-11 00:00:00,24.0
1397,201804171807.0,2018-04-19 00:00:00,2018-04-20 06:00:00,30.0
1398,201804211810.0,2018-04-22 18:00:00,2018-04-24 06:00:00,36.0
1399,201804230011.0,2018-04-24 18:00:00,2018-04-25 18:00:00,24.0
1400,201804261202.0,2018-04-30 00:00:00,2018-05-01 18:00:00,42.0
1401,201805020611.0,2018-05-04 06:00:00,2018-05-06 06:00:00,48.0
1402,201805030007.0,2018-05-09 06:00:00,2018-05-10 18:00:00,36.0
1403,201805041213.0,2018-05-11 00:00:00,2018-05-12 12:00:00,36.0
1404,201805141801.0,2018-05-21 00:00:00,2018-05-23 06:00:00,54.0
1405,201805240009.0,2018-05-26 12:00:00,2018-05-28 06:00:00,42.0
1406,201806070603.0,2018-06-07 06:00:00,2018-06-07 12:00:00,6.0
1407,201806110015.0,2018-06-12 18:00:00,2018-06-13 06:00:00,12.0
1408,201806130613.0,2018-06-16 00:00:00,2018-06-19 18:00:00,90.0
1409,201806211202.0,2018-06-21 12:00:00,2018-06-22 06:00:00,18.0
1410,201806261812.0,2018-06-26 18:00:00,2018-06-27 00:00:00,6.0
1411,201807091812.0,2018-07-09 18:00:00,2018-07-10 18:00:00,24.0
1412,201807111202.0,2018-07-11 12:00:00,2018-07-11 18:00:00,6.0
1413,201807110012.0,2018-07-12 00:00:00,2018-07-12 06:00:00,6.0
1414,201807131209.0,2018-07-14 18:00:00,2018-07-17 12:00:00,66.0
1415,201807250605.0,2018-07-26 00:00:00,2018-07-26 06:00:00,6.0
1416,201807241202.0,2018-07-26 06:00:00,2018-07-26 12:00:00,6.0
1417,201807261204.0,2018-07-26 12:00:00,2018-07-27 06:00:00,18.0
1418,201807271803.0,2018-07-27 18:00:00,2018-07-28 06:00:00,12.0
1419,201807281203.0,2018-07-28 12:00:00,2018-07-28 18:00:00,6.0
1420,201807290006.0,2018-07-29 00:00:00,2018-07-29 06:00:00,6.0
1421,201807270012.0,2018-07-29 12:00:00,2018-08-07 18:00:00,222.0
1422,201808041803.0,2018-08-04 18:00:00,2018-08-05 06:00:00,12.0
1423,201808080005.0,2018-08-08 00:00:00,2018-08-08 06:00:00,6.0
1424,201808081205.0,2018-08-08 12:00:00,2018-08-10 06:00:00,42.0
1425,201808100015.0,2018-08-11 18:00:00,2018-08-14 18:00:00,72.0
1426,201808140604.0,2018-08-20 06:00:00,2018-08-21 06:00:00,24.0
1427,201808211812.0,2018-08-25 00:00:00,2018-08-29 00:00:00,96.0
1428,201808301206.0,2018-08-31 00:00:00,2018-08-31 06:00:00,6.0
1429,201809090010.0,2018-09-09 06:00:00,2018-09-10 00:00:00,18.0
1430,201809200615.0,2018-09-23 12:00:00,2018-09-24 06:00:00,18.0
1431,201809231810.0,2018-09-24 18:00:00,2018-09-28 18:00:00,96.0
1432,201810090610.0,2018-10-10 18:00:00,2018-10-11 00:00:00,6.0
1433,201810111205.0,2018-10-11 12:00:00,2018-10-11 18:00:00,6.0
1434,201810101809.0,2018-10-13 12:00:00,2018-10-17 18:00:00,102.0
1435,201810181810.0,2018-10-19 06:00:00,2018-10-19 12:00:00,6.0
1436,201810200009.0,2018-10-20 00:00:00,2018-10-20 06:00:00,6.0
1437,201810201811.0,2018-10-21 06:00:00,2018-10-24 06:00:00,72.0
1438,201810201809.0,2018-10-24 18:00:00,2018-10-25 12:00:00,18.0
1439,201810271803.0,2018-10-27 18:00:00,2018-10-28 06:00:00,12.0
1440,201810311815.0,2018-11-03 12:00:00,2018-11-03 18:00:00,6.0
1441,201811091811.0,2018-11-11 06:00:00,2018-11-13 12:00:00,54.0
1442,201811131803.0,2018-11-13 18:00:00,2018-11-14 00:00:00,6.0
1443,201811151201.0,2018-11-17 06:00:00,2018-11-17 12:00:00,6.0
1444,201811180004.0,2018-11-18 00:00:00,2018-11-18 06:00:00,6.0
1445,201811181803.0,2018-11-18 18:00:00,2018-11-19 00:00:00,6.0
1446,201811190608.0,2018-11-19 06:00:00,2018-11-19 12:00:00,6.0
1447,201811200602.0,2018-11-20 06:00:00,2018-11-20 12:00:00,6.0
1448,201811220008.0,2018-11-25 18:00:00,2018-11-26 18:00:00,24.0
1449,201812061804.0,2018-12-06 18:00:00,2018-12-08 06:00:00,36.0
1450,201812080608.0,2018-12-08 18:00:00,2018-12-10 06:00:00,36.0
1451,201812050609.0,2018-12-10 12:00:00,2018-12-11 18:00:00,30.0
1452,201812110603.0,2018-12-15 18:00:00,2018-12-16 18:00:00,24.0
1453,201812150610.0,2018-12-18 00:00:00,2018-12-18 06:00:00,6.0
1454,201812260010.0,2018-12-26 00:00:00,2018-12-26 06:00:00,6.0
1455,201812290613.0,2018-12-31 00:00:00,2019-01-02 12:00:00,60.0
1456,201901100014.0,2019-01-11 00:00:00,2019-01-11 18:00:00,18.0
1457,201901151211.0,2019-01-22 00:00:00,2019-01-22 06:00:00,6.0
1458,201901241203.0,2019-01-24 12:00:00,2019-01-25 00:00:00,12.0
1459,201901220007.0,2019-01-25 06:00:00,2019-01-26 12:00:00,30.0
1460,201901280011.0,2019-01-29 00:00:00,2019-01-29 06:00:00,6.0
1461,201901290601.0,2019-01-29 06:00:00,2019-01-30 00:00:00,18.0
1462,201902100609.0,2019-02-12 12:00:00,2019-02-12 18:00:00,6.0
1463,201902150605.0,2019-02-18 18:00:00,2019-02-19 00:00:00,6.0
1464,201903101203.0,2019-03-10 12:00:00,2019-03-11 06:00:00,18.0
1465,201903131210.0,2019-03-13 18:00:00,2019-03-14 06:00:00,12.0
1466,201903111810.0,2019-03-15 18:00:00,2019-03-16 18:00:00,24.0
1467,201903161208.0,2019-03-16 18:00:00,2019-03-19 00:00:00,54.0
1468,201903200003.0,2019-03-20 12:00:00,2019-03-20 18:00:00,6.0
1469,201903190613.0,2019-03-21 12:00:00,2019-03-23 18:00:00,54.0
1470,201903260602.0,2019-03-26 12:00:00,2019-03-27 00:00:00,12.0
1471,201904050602.0,2019-04-05 06:00:00,2019-04-06 18:00:00,36.0
1472,201904060004.0,2019-04-06 00:00:00,2019-04-06 12:00:00,12.0
1473,201904161209.0,2019-04-18 00:00:00,2019-04-18 12:00:00,12.0
1474,201904170011.0,2019-04-21 18:00:00,2019-04-23 06:00:00,36.0
1475,201905021205.0,2019-05-02 12:00:00,2019-05-02 18:00:00,6.0
1476,201905040004.0,2019-05-04 00:00:00,2019-05-04 06:00:00,6.0
1477,201905041212.0,2019-05-07 00:00:00,2019-05-09 12:00:00,60.0
1478,201905170012.0,2019-05-17 00:00:00,2019-05-18 06:00:00,30.0
1479,201905191811.0,2019-05-26 06:00:00,2019-05-27 06:00:00,24.0
1480,201905271213.0,2019-05-27 12:00:00,2019-05-28 06:00:00,18.0
1481,201905290011.0,2019-05-31 00:00:00,2019-05-31 18:00:00,18.0
1482,201906071210.0,2019-06-09 18:00:00,2019-06-12 18:00:00,72.0
1483,201906150014.0,2019-06-15 12:00:00,2019-06-16 06:00:00,18.0
1484,201906150012.0,2019-06-17 06:00:00,2019-06-18 00:00:00,18.0
1485,201906290606.0,2019-06-29 06:00:00,2019-06-30 06:00:00,24.0
1486,201907010611.0,2019-07-01 06:00:00,2019-07-01 12:00:00,6.0
1487,201907021202.0,2019-07-02 18:00:00,2019-07-05 06:00:00,60.0
1488,201907081207.0,2019-07-16 12:00:00,2019-07-17 06:00:00,18.0
1489,201907240613.0,2019-07-25 12:00:00,2019-07-26 18:00:00,30.0
1490,201907280011.0,2019-07-28 00:00:00,2019-07-28 06:00:00,6.0
1491,201907280614.0,2019-08-03 00:00:00,2019-08-04 12:00:00,36.0
1492,201908051204.0,2019-08-05 12:00:00,2019-08-06 18:00:00,30.0
1493,201908131211.0,2019-08-14 00:00:00,2019-08-15 00:00:00,24.0
1494,201908150602.0,2019-08-15 12:00:00,2019-08-15 18:00:00,6.0
1495,201908160003.0,2019-08-16 00:00:00,2019-08-21 12:00:00,132.0
1496,201908211203.0,2019-08-21 12:00:00,2019-08-22 06:00:00,18.0
1497,201908221213.0,2019-08-22 18:00:00,2019-08-23 00:00:00,6.0
1498,201908231206.0,2019-08-23 12:00:00,2019-08-24 06:00:00,18.0
1499,201908261802.0,2019-08-26 18:00:00,2019-08-27 06:00:00,12.0
